Name,Aura,CL,Slot,Price,Weight,Description,Requirements,Cost,Group,Source,AL,Int,Wis,Cha,Ego,Communication,Senses,Powers,MagicItems,FullText,Destruction,MinorArtifactFlag,MajorArtifactFlag,Abjuration,Conjuration,Divination,Enchantment,Evocation,Necromancy,Transmutation,AuraStrength,WeightValue,PriceValue,CostValue,Languages,BaseItem,LinkText,id,Mythic,LegendaryWeapon,Illusion,Universal,Scaling,IsIntelligentItem,ItemValue
Ring Of Protection +1,faint abjuration,5,ring,"2,000 gp",-,This ring offers continual magical protection in the form of a deflection bonus of +1 to +5 to AC.,"Forge Ring, shield of faith, caster must be of a level at least three times higher than the bonus of the ring","1,000 gp",Ring,Ultimate Equipment,,,,,,,,,,"<link rel=""stylesheet""href=""PF.css""><div class=""heading""><p class=""alignleft"">Ring Of Protection +1</p><div style=""clear: both;""></div></div><div><h5><b>Aura </b>faint abjuration; <b>CL </b>5th</h5><h5><b>Slot </b>ring; <b>Price </b>2,000 gp; <b>Weight </b>-</h5></div><hr/><div><h5><b>DESCRIPTION</b></h5></div><hr/><div><h4><p>This ring offers continual magical protection in the form of a deflection bonus of +1 to +5 to AC.</p></h4></div><hr/><div><h5><b>CONSTRUCTION</b></h5></div><hr/><div><h5><b>Requirements </b>Forge Ring, <i>shield of faith</i>, caster must be of a level at least three times higher than the bonus of the ring; <b>Cost </b>1,000 gp</h5></div>",,0.0,0.0,1.0,0.0,0.0,0.0,0.0,0.0,0.0,faint,0.0,2000,1000.0,,,,1430.0,0.0,0.0,0.0,0.0,,0.0,2.98
Ring Of Protection +2,faint abjuration,5,ring,"8,000 gp",-,This ring offers continual magical protection in the form of a deflection bonus of +1 to +5 to AC.,"Forge Ring, shield of faith, caster must be of a level at least three times higher than the bonus of the ring","4,000 gp",Ring,Ultimate Equipment,,,,,,,,,,"<link rel=""stylesheet""href=""PF.css""><div class=""heading""><p class=""alignleft"">Ring Of Protection +2</p><div style=""clear: both;""></div></div><div><h5><b>Aura </b>faint abjuration; <b>CL </b>5th</h5><h5><b>Slot </b>ring; <b>Price </b>8,000 gp; <b>Weight </b>-</h5></div><hr/><div><h5><b>DESCRIPTION</b></h5></div><hr/><div><h4><p>This ring offers continual magical protection in the form of a deflection bonus of +1 to +5 to AC.</p></h4></div><hr/><div><h5><b>CONSTRUCTION</b></h5></div><hr/><div><h5><b>Requirements </b>Forge Ring, <i>shield of faith</i>, caster must be of a level at least three times higher than the bonus of the ring; <b>Cost </b>4,000 gp</h5></div>",,0.0,0.0,1.0,0.0,0.0,0.0,0.0,0.0,0.0,faint,0.0,8000,4000.0,,,,1431.0,0.0,0.0,0.0,0.0,,0.0,6.76
Ring Of Protection +3,faint abjuration,5,ring,"18,000 gp",-,This ring offers continual magical protection in the form of a deflection bonus of +1 to +5 to AC.,"Forge Ring, shield of faith, caster must be of a level at least three times higher than the bonus of the ring","9,000 gp",Ring,Ultimate Equipment,,,,,,,,,,"<link rel=""stylesheet""href=""PF.css""><div class=""heading""><p class=""alignleft"">Ring Of Protection +3</p><div style=""clear: both;""></div></div><div><h5><b>Aura </b>faint abjuration; <b>CL </b>5th</h5><h5><b>Slot </b>ring; <b>Price </b>18,000 gp; <b>Weight </b>-</h5></div><hr/><div><h5><b>DESCRIPTION</b></h5></div><hr/><div><h4><p>This ring offers continual magical protection in the form of a deflection bonus of +1 to +5 to AC.</p></h4></div><hr/><div><h5><b>CONSTRUCTION</b></h5></div><hr/><div><h5><b>Requirements </b>Forge Ring, <i>shield of faith</i>, caster must be of a level at least three times higher than the bonus of the ring; <b>Cost </b>9,000 gp</h5></div>",,0.0,0.0,1.0,0.0,0.0,0.0,0.0,0.0,0.0,faint,0.0,18000,9000.0,,,,1432.0,0.0,0.0,0.0,0.0,,0.0,13.05
Ring Of Protection +4,faint abjuration,5,ring,"32,000 gp",-,This ring offers continual magical protection in the form of a deflection bonus of +1 to +5 to AC.,"Forge Ring, shield of faith, caster must be of a level at least three times higher than the bonus of the ring","16,000 gp",Ring,Ultimate Equipment,,,,,,,,,,"<link rel=""stylesheet""href=""PF.css""><div class=""heading""><p class=""alignleft"">Ring Of Protection +4</p><div style=""clear: both;""></div></div><div><h5><b>Aura </b>faint abjuration; <b>CL </b>5th</h5><h5><b>Slot </b>ring; <b>Price </b>32,000 gp; <b>Weight </b>-</h5></div><hr/><div><h5><b>DESCRIPTION</b></h5></div><hr/><div><h4><p>This ring offers continual magical protection in the form of a deflection bonus of +1 to +5 to AC.</p></h4></div><hr/><div><h5><b>CONSTRUCTION</b></h5></div><hr/><div><h5><b>Requirements </b>Forge Ring, <i>shield of faith</i>, caster must be of a level at least three times higher than the bonus of the ring; <b>Cost </b>16,000 gp</h5></div>",,0.0,0.0,1.0,0.0,0.0,0.0,0.0,0.0,0.0,faint,0.0,32000,16000.0,,,,1433.0,0.0,0.0,0.0,0.0,,0.0,21.86
Ring Of Protection +5,faint abjuration,5,ring,"50,000 gp",-,This ring offers continual magical protection in the form of a deflection bonus of +1 to +5 to AC.,"Forge Ring, shield of faith, caster must be of a level at least three times higher than the bonus of the ring","25,000 gp",Ring,Ultimate Equipment,,,,,,,,,,"<link rel=""stylesheet""href=""PF.css""><div class=""heading""><p class=""alignleft"">Ring Of Protection +5</p><div style=""clear: both;""></div></div><div><h5><b>Aura </b>faint abjuration; <b>CL </b>5th</h5><h5><b>Slot </b>ring; <b>Price </b>50,000 gp; <b>Weight </b>-</h5></div><hr/><div><h5><b>DESCRIPTION</b></h5></div><hr/><div><h4><p>This ring offers continual magical protection in the form of a deflection bonus of +1 to +5 to AC.</p></h4></div><hr/><div><h5><b>CONSTRUCTION</b></h5></div><hr/><div><h5><b>Requirements </b>Forge Ring, <i>shield of faith</i>, caster must be of a level at least three times higher than the bonus of the ring; <b>Cost </b>25,000 gp</h5></div>",,0.0,0.0,1.0,0.0,0.0,0.0,0.0,0.0,0.0,faint,0.0,50000,25000.0,,,,1434.0,0.0,0.0,0.0,0.0,,0.0,33.19
Belt Of Giant Strength +2,moderate transmutation,8,belt,"4,000 gp",1 lb.,"This belt is a thick leather affair, often decorated with huge metal buckles. The belt grants the wearer an enhancement bonus to Strength of +2, +4, or +6. Treat this as a temporary ability bonus for the first 24 hours the belt is worn.","Craft Wondrous Item, bull's strength","2,000 gp",Wondrous Item,Ultimate Equipment,,,,,,,,,,"<link rel=""stylesheet""href=""PF.css""><div class=""heading""><p class=""alignleft"">Belt Of Giant Strength +2</p><div style=""clear: both;""></div></div><div><h5><b>Aura </b>moderate transmutation; <b>CL </b>8th</h5><h5><b>Slot </b>belt; <b>Price </b>4,000 gp; <b>Weight </b>1 lb.</h5></div><hr/><div><h5><b>DESCRIPTION</b></h5></div><hr/><div><h4><p>This belt is a thick leather affair, often decorated with huge metal buckles. The belt grants the wearer an enhancement bonus to Strength of +2, +4, or +6. Treat this as a temporary ability bonus for the first 24 hours the belt is worn.</p></h4></div><hr/><div><h5><b>CONSTRUCTION</b></h5></div><hr/><div><h5><b>Requirements </b>Craft Wondrous Item, <i>bull's strength</i>; <b>Cost </b>2,000 gp</h5></div>",,0.0,0.0,0.0,0.0,0.0,0.0,0.0,0.0,1.0,moderate,1.0,4000,2000.0,,,,1683.0,0.0,0.0,0.0,0.0,,0.0,6.01
Belt Of Giant Strength +4,moderate transmutation,8,belt,"16,000 gp",1 lb.,"This belt is a thick leather affair, often decorated with huge metal buckles. The belt grants the wearer an enhancement bonus to Strength of +2, +4, or +6. Treat this as a temporary ability bonus for the first 24 hours the belt is worn.","Craft Wondrous Item, bull's strength","8,000 gp",Wondrous Item,Ultimate Equipment,,,,,,,,,,"<link rel=""stylesheet""href=""PF.css""><div class=""heading""><p class=""alignleft"">Belt Of Giant Strength +4</p><div style=""clear: both;""></div></div><div><h5><b>Aura </b>moderate transmutation; <b>CL </b>8th</h5><h5><b>Slot </b>belt; <b>Price </b>16,000 gp; <b>Weight </b>1 lb.</h5></div><hr/><div><h5><b>DESCRIPTION</b></h5></div><hr/><div><h4><p>This belt is a thick leather affair, often decorated with huge metal buckles. The belt grants the wearer an enhancement bonus to Strength of +2, +4, or +6. Treat this as a temporary ability bonus for the first 24 hours the belt is worn.</p></h4></div><hr/><div><h5><b>CONSTRUCTION</b></h5></div><hr/><div><h5><b>Requirements </b>Craft Wondrous Item, <i>bull's strength</i>; <b>Cost </b>8,000 gp</h5></div>",,0.0,0.0,0.0,0.0,0.0,0.0,0.0,0.0,1.0,moderate,1.0,16000,8000.0,,,,1684.0,0.0,0.0,0.0,0.0,,0.0,13.56
Belt Of Giant Strength +6,moderate transmutation,8,belt,"36,000 gp",1 lb.,"This belt is a thick leather affair, often decorated with huge metal buckles. The belt grants the wearer an enhancement bonus to Strength of +2, +4, or +6. Treat this as a temporary ability bonus for the first 24 hours the belt is worn.","Craft Wondrous Item, bull's strength","18,000 gp",Wondrous Item,Ultimate Equipment,,,,,,,,,,"<link rel=""stylesheet""href=""PF.css""><div class=""heading""><p class=""alignleft"">Belt Of Giant Strength +6</p><div style=""clear: both;""></div></div><div><h5><b>Aura </b>moderate transmutation; <b>CL </b>8th</h5><h5><b>Slot </b>belt; <b>Price </b>36,000 gp; <b>Weight </b>1 lb.</h5></div><hr/><div><h5><b>DESCRIPTION</b></h5></div><hr/><div><h4><p>This belt is a thick leather affair, often decorated with huge metal buckles. The belt grants the wearer an enhancement bonus to Strength of +2, +4, or +6. Treat this as a temporary ability bonus for the first 24 hours the belt is worn.</p></h4></div><hr/><div><h5><b>CONSTRUCTION</b></h5></div><hr/><div><h5><b>Requirements </b>Craft Wondrous Item, <i>bull's strength</i>; <b>Cost </b>18,000 gp</h5></div>",,0.0,0.0,0.0,0.0,0.0,0.0,0.0,0.0,1.0,moderate,1.0,36000,18000.0,,,,1685.0,0.0,0.0,0.0,0.0,,0.0,26.15
Belt Of Physical Might +2,strong transmutation,12,belt,"10,000 gp",1 lb.,"This belt grants the wearer an enhancement bonus to two physical ability scores (Strength, Dexterity, or Constitution) of +2, +4, or +6. Treat this as a temporary ability bonus for the first 24 hours the belt is worn. These bonuses are chosen when the belt is created and cannot be changed.","Craft Wondrous Item, bear's endurance, bull's strength, and/ or cat's grace","5,000 gp",Wondrous Item,Ultimate Equipment,,,,,,,,,,"<link rel=""stylesheet""href=""PF.css""><div class=""heading""><p class=""alignleft"">Belt Of Physical Might +2</p><div style=""clear: both;""></div></div><div><h5><b>Aura </b>strong transmutation; <b>CL </b>12th</h5><h5><b>Slot </b>belt; <b>Price </b>10,000 gp; <b>Weight </b>1 lb.</h5></div><hr/><div><h5><b>DESCRIPTION</b></h5></div><hr/><div><h4><p>This belt grants the wearer an enhancement bonus to two physical ability scores (Strength, Dexterity, or Constitution) of +2, +4, or +6. Treat this as a temporary ability bonus for the first 24 hours the belt is worn. These bonuses are chosen when the belt is created and cannot be changed.</p></h4></div><hr/><div><h5><b>CONSTRUCTION</b></h5></div><hr/><div><h5><b>Requirements </b>Craft Wondrous Item, <i>bear's endurance</i>, <i>bull's strength</i>, <i>and/ or cat's grace</i>; <b>Cost </b>5,000 gp</h5></div>",,0.0,0.0,0.0,0.0,0.0,0.0,0.0,0.0,1.0,strong,1.0,10000,5000.0,,,,1688.0,0.0,0.0,0.0,0.0,,0.0,12.13
Belt Of Physical Might +4,strong transmutation,12,belt,"40,000 gp",1 lb.,"This belt grants the wearer an enhancement bonus to two physical ability scores (Strength, Dexterity, or Constitution) of +2, +4, or +6. Treat this as a temporary ability bonus for the first 24 hours the belt is worn. These bonuses are chosen when the belt is created and cannot be changed.","Craft Wondrous Item, bear's endurance, bull's strength, and/ or cat's grace","20,000 gp",Wondrous Item,Ultimate Equipment,,,,,,,,,,"<link rel=""stylesheet""href=""PF.css""><div class=""heading""><p class=""alignleft"">Belt Of Physical Might +4</p><div style=""clear: both;""></div></div><div><h5><b>Aura </b>strong transmutation; <b>CL </b>12th</h5><h5><b>Slot </b>belt; <b>Price </b>40,000 gp; <b>Weight </b>1 lb.</h5></div><hr/><div><h5><b>DESCRIPTION</b></h5></div><hr/><div><h4><p>This belt grants the wearer an enhancement bonus to two physical ability scores (Strength, Dexterity, or Constitution) of +2, +4, or +6. Treat this as a temporary ability bonus for the first 24 hours the belt is worn. These bonuses are chosen when the belt is created and cannot be changed.</p></h4></div><hr/><div><h5><b>CONSTRUCTION</b></h5></div><hr/><div><h5><b>Requirements </b>Craft Wondrous Item, <i>bear's endurance</i>, <i>bull's strength</i>, <i>and/ or cat's grace</i>; <b>Cost </b>20,000 gp</h5></div>",,0.0,0.0,0.0,0.0,0.0,0.0,0.0,0.0,1.0,strong,1.0,40000,20000.0,,,,1689.0,0.0,0.0,0.0,0.0,,0.0,31.02
Belt Of Physical Might +6,strong transmutation,12,belt,"90,000 gp",1 lb.,"This belt grants the wearer an enhancement bonus to two physical ability scores (Strength, Dexterity, or Constitution) of +2, +4, or +6. Treat this as a temporary ability bonus for the first 24 hours the belt is worn. These bonuses are chosen when the belt is created and cannot be changed.","Craft Wondrous Item, bear's endurance, bull's strength, and/ or cat's grace","45,000 gp",Wondrous Item,Ultimate Equipment,,,,,,,,,,"<link rel=""stylesheet""href=""PF.css""><div class=""heading""><p class=""alignleft"">Belt Of Physical Might +6</p><div style=""clear: both;""></div></div><div><h5><b>Aura </b>strong transmutation; <b>CL </b>12th</h5><h5><b>Slot </b>belt; <b>Price </b>90,000 gp; <b>Weight </b>1 lb.</h5></div><hr/><div><h5><b>DESCRIPTION</b></h5></div><hr/><div><h4><p>This belt grants the wearer an enhancement bonus to two physical ability scores (Strength, Dexterity, or Constitution) of +2, +4, or +6. Treat this as a temporary ability bonus for the first 24 hours the belt is worn. These bonuses are chosen when the belt is created and cannot be changed.</p></h4></div><hr/><div><h5><b>CONSTRUCTION</b></h5></div><hr/><div><h5><b>Requirements </b>Craft Wondrous Item, <i>bear's endurance</i>, <i>bull's strength</i>, <i>and/ or cat's grace</i>; <b>Cost </b>45,000 gp</h5></div>",,0.0,0.0,0.0,0.0,0.0,0.0,0.0,0.0,1.0,strong,1.0,90000,45000.0,,,,1690.0,0.0,0.0,0.0,0.0,,0.0,62.48
Belt Of Incredible Dexterity +2,moderate transmutation,8,belt,"4,000 gp",1 lb.,"This belt has a large silver buckle, usually depicting the image of a tiger. The belt grants the wearer an enhancement bonus to Dexterity of +2, +4, or +6. Treat this as a temporary ability bonus for the first 24 hours the belt is worn.","Craft Wondrous Item, cat's grace","2,000 gp",Wondrous Item,Ultimate Equipment,,,,,,,,,,"<link rel=""stylesheet""href=""PF.css""><div class=""heading""><p class=""alignleft"">Belt Of Incredible Dexterity +2</p><div style=""clear: both;""></div></div><div><h5><b>Aura </b>moderate transmutation; <b>CL </b>8th</h5><h5><b>Slot </b>belt; <b>Price </b>4,000 gp; <b>Weight </b>1 lb.</h5></div><hr/><div><h5><b>DESCRIPTION</b></h5></div><hr/><div><h4><p>This belt has a large silver buckle, usually depicting the image of a tiger. The belt grants the wearer an enhancement bonus to Dexterity of +2, +4, or +6. Treat this as a temporary ability bonus for the first 24 hours the belt is worn.</p></h4></div><hr/><div><h5><b>CONSTRUCTION</b></h5></div><hr/><div><h5><b>Requirements </b>Craft Wondrous Item, <i>cat's grace</i>; <b>Cost </b>2,000 gp</h5></div>",,0.0,0.0,0.0,0.0,0.0,0.0,0.0,0.0,1.0,moderate,1.0,4000,2000.0,,,,1691.0,0.0,0.0,0.0,0.0,,0.0,6.01
Belt Of Incredible Dexterity +4,moderate transmutation,8,belt,"16,000 gp",1 lb.,"This belt has a large silver buckle, usually depicting the image of a tiger. The belt grants the wearer an enhancement bonus to Dexterity of +2, +4, or +6. Treat this as a temporary ability bonus for the first 24 hours the belt is worn.","Craft Wondrous Item, cat's grace","8,000 gp",Wondrous Item,Ultimate Equipment,,,,,,,,,,"<link rel=""stylesheet""href=""PF.css""><div class=""heading""><p class=""alignleft"">Belt Of Incredible Dexterity +4</p><div style=""clear: both;""></div></div><div><h5><b>Aura </b>moderate transmutation; <b>CL </b>8th</h5><h5><b>Slot </b>belt; <b>Price </b>16,000 gp; <b>Weight </b>1 lb.</h5></div><hr/><div><h5><b>DESCRIPTION</b></h5></div><hr/><div><h4><p>This belt has a large silver buckle, usually depicting the image of a tiger. The belt grants the wearer an enhancement bonus to Dexterity of +2, +4, or +6. Treat this as a temporary ability bonus for the first 24 hours the belt is worn.</p></h4></div><hr/><div><h5><b>CONSTRUCTION</b></h5></div><hr/><div><h5><b>Requirements </b>Craft Wondrous Item, <i>cat's grace</i>; <b>Cost </b>8,000 gp</h5></div>",,0.0,0.0,0.0,0.0,0.0,0.0,0.0,0.0,1.0,moderate,1.0,16000,8000.0,,,,1692.0,0.0,0.0,0.0,0.0,,0.0,13.56
Belt Of Incredible Dexterity +6,moderate transmutation,8,belt,"36,000 gp",1 lb.,"This belt has a large silver buckle, usually depicting the image of a tiger. The belt grants the wearer an enhancement bonus to Dexterity of +2, +4, or +6. Treat this as a temporary ability bonus for the first 24 hours the belt is worn.","Craft Wondrous Item, cat's grace","18,000 gp",Wondrous Item,Ultimate Equipment,,,,,,,,,,"<link rel=""stylesheet""href=""PF.css""><div class=""heading""><p class=""alignleft"">Belt Of Incredible Dexterity +6</p><div style=""clear: both;""></div></div><div><h5><b>Aura </b>moderate transmutation; <b>CL </b>8th</h5><h5><b>Slot </b>belt; <b>Price </b>36,000 gp; <b>Weight </b>1 lb.</h5></div><hr/><div><h5><b>DESCRIPTION</b></h5></div><hr/><div><h4><p>This belt has a large silver buckle, usually depicting the image of a tiger. The belt grants the wearer an enhancement bonus to Dexterity of +2, +4, or +6. Treat this as a temporary ability bonus for the first 24 hours the belt is worn.</p></h4></div><hr/><div><h5><b>CONSTRUCTION</b></h5></div><hr/><div><h5><b>Requirements </b>Craft Wondrous Item, <i>cat's grace</i>; <b>Cost </b>18,000 gp</h5></div>",,0.0,0.0,0.0,0.0,0.0,0.0,0.0,0.0,1.0,moderate,1.0,36000,18000.0,,,,1693.0,0.0,0.0,0.0,0.0,,0.0,26.15
Belt Of Mighty Constitution +2,moderate transmutation,8,belt,"4,000 gp",1 lb.,"This belt's golden buckle depicts a bear's head. The belt grants the wearer an enhancement bonus to Constitution of +2, +4, or +6. Treat this as a temporary ability bonus for the first 24 hours the belt is worn.","Craft Wondrous Item, bear's endurance","2,000 gp",Wondrous Item,Ultimate Equipment,,,,,,,,,,"<link rel=""stylesheet""href=""PF.css""><div class=""heading""><p class=""alignleft"">Belt Of Mighty Constitution +2</p><div style=""clear: both;""></div></div><div><h5><b>Aura </b>moderate transmutation; <b>CL </b>8th</h5><h5><b>Slot </b>belt; <b>Price </b>4,000 gp; <b>Weight </b>1 lb.</h5></div><hr/><div><h5><b>DESCRIPTION</b></h5></div><hr/><div><h4><p>This belt's golden buckle depicts a bear's head. The belt grants the wearer an enhancement bonus to Constitution of +2, +4, or +6. Treat this as a temporary ability bonus for the first 24 hours the belt is worn.</p></h4></div><hr/><div><h5><b>CONSTRUCTION</b></h5></div><hr/><div><h5><b>Requirements </b>Craft Wondrous Item, <i>bear's endurance</i>; <b>Cost </b>2,000 gp</h5></div>",,0.0,0.0,0.0,0.0,0.0,0.0,0.0,0.0,1.0,moderate,1.0,4000,2000.0,,,,1694.0,0.0,0.0,0.0,0.0,,0.0,6.01
Belt Of Mighty Constitution +4,moderate transmutation,8,belt,"16,000 gp",1 lb.,"This belt's golden buckle depicts a bear's head. The belt grants the wearer an enhancement bonus to Constitution of +2, +4, or +6. Treat this as a temporary ability bonus for the first 24 hours the belt is worn.","Craft Wondrous Item, bear's endurance","8,000 gp",Wondrous Item,Ultimate Equipment,,,,,,,,,,"<link rel=""stylesheet""href=""PF.css""><div class=""heading""><p class=""alignleft"">Belt Of Mighty Constitution +4</p><div style=""clear: both;""></div></div><div><h5><b>Aura </b>moderate transmutation; <b>CL </b>8th</h5><h5><b>Slot </b>belt; <b>Price </b>16,000 gp; <b>Weight </b>1 lb.</h5></div><hr/><div><h5><b>DESCRIPTION</b></h5></div><hr/><div><h4><p>This belt's golden buckle depicts a bear's head. The belt grants the wearer an enhancement bonus to Constitution of +2, +4, or +6. Treat this as a temporary ability bonus for the first 24 hours the belt is worn.</p></h4></div><hr/><div><h5><b>CONSTRUCTION</b></h5></div><hr/><div><h5><b>Requirements </b>Craft Wondrous Item, <i>bear's endurance</i>; <b>Cost </b>8,000 gp</h5></div>",,0.0,0.0,0.0,0.0,0.0,0.0,0.0,0.0,1.0,moderate,1.0,16000,8000.0,,,,1695.0,0.0,0.0,0.0,0.0,,0.0,13.56
Belt Of Mighty Constitution +6,moderate transmutation,8,belt,"36,000 gp",1 lb.,"This belt's golden buckle depicts a bear's head. The belt grants the wearer an enhancement bonus to Constitution of +2, +4, or +6. Treat this as a temporary ability bonus for the first 24 hours the belt is worn.","Craft Wondrous Item, bear's endurance","18,000 gp",Wondrous Item,Ultimate Equipment,,,,,,,,,,"<link rel=""stylesheet""href=""PF.css""><div class=""heading""><p class=""alignleft"">Belt Of Mighty Constitution +6</p><div style=""clear: both;""></div></div><div><h5><b>Aura </b>moderate transmutation; <b>CL </b>8th</h5><h5><b>Slot </b>belt; <b>Price </b>36,000 gp; <b>Weight </b>1 lb.</h5></div><hr/><div><h5><b>DESCRIPTION</b></h5></div><hr/><div><h4><p>This belt's golden buckle depicts a bear's head. The belt grants the wearer an enhancement bonus to Constitution of +2, +4, or +6. Treat this as a temporary ability bonus for the first 24 hours the belt is worn.</p></h4></div><hr/><div><h5><b>CONSTRUCTION</b></h5></div><hr/><div><h5><b>Requirements </b>Craft Wondrous Item, <i>bear's endurance</i>; <b>Cost </b>18,000 gp</h5></div>",,0.0,0.0,0.0,0.0,0.0,0.0,0.0,0.0,1.0,moderate,1.0,36000,18000.0,,,,1696.0,0.0,0.0,0.0,0.0,,0.0,26.15
Belt Of Physical Perfection +2,strong transmutation,16,belt,"16,000 gp",1 lb.,"This belt has a large platinum buckle and grants the wearer an enhancement bonus to all physical ability scores (Strength, Dexterity, and Constitution) of +2, +4, or +6. Treat this as a temporary ability bonus for the first 24 hours the belt is worn.","Craft Wondrous Item, bear's endurance, bull's strength, cat's grace","8,000 gp",Wondrous Item,Ultimate Equipment,,,,,,,,,,"<link rel=""stylesheet""href=""PF.css""><div class=""heading""><p class=""alignleft"">Belt Of Physical Perfection +2</p><div style=""clear: both;""></div></div><div><h5><b>Aura </b>strong transmutation; <b>CL </b>16th</h5><h5><b>Slot </b>belt; <b>Price </b>16,000 gp; <b>Weight </b>1 lb.</h5></div><hr/><div><h5><b>DESCRIPTION</b></h5></div><hr/><div><h4><p>This belt has a large platinum buckle and grants the wearer an enhancement bonus to all physical ability scores (Strength, Dexterity, and Constitution) of +2, +4, or +6. Treat this as a temporary ability bonus for the first 24 hours the belt is worn.</p></h4></div><hr/><div><h5><b>CONSTRUCTION</b></h5></div><hr/><div><h5><b>Requirements </b>Craft Wondrous Item, <i>bear's endurance</i>, <i>bull's strength</i>, <i>cat's grace</i>; <b>Cost </b>8,000 gp</h5></div>",,0.0,0.0,0.0,0.0,0.0,0.0,0.0,0.0,1.0,strong,1.0,16000,8000.0,,,,1697.0,0.0,0.0,0.0,0.0,,0.0,18.26
Belt Of Physical Perfection +4,strong transmutation,16,belt,"64,000 gp",1 lb.,"This belt has a large platinum buckle and grants the wearer an enhancement bonus to all physical ability scores (Strength, Dexterity, and Constitution) of +2, +4, or +6. Treat this as a temporary ability bonus for the first 24 hours the belt is worn.","Craft Wondrous Item, bear's endurance, bull's strength, cat's grace","32,000 gp",Wondrous Item,Ultimate Equipment,,,,,,,,,,"<link rel=""stylesheet""href=""PF.css""><div class=""heading""><p class=""alignleft"">Belt Of Physical Perfection +4</p><div style=""clear: both;""></div></div><div><h5><b>Aura </b>strong transmutation; <b>CL </b>16th</h5><h5><b>Slot </b>belt; <b>Price </b>64,000 gp; <b>Weight </b>1 lb.</h5></div><hr/><div><h5><b>DESCRIPTION</b></h5></div><hr/><div><h4><p>This belt has a large platinum buckle and grants the wearer an enhancement bonus to all physical ability scores (Strength, Dexterity, and Constitution) of +2, +4, or +6. Treat this as a temporary ability bonus for the first 24 hours the belt is worn.</p></h4></div><hr/><div><h5><b>CONSTRUCTION</b></h5></div><hr/><div><h5><b>Requirements </b>Craft Wondrous Item, <i>bear's endurance</i>, <i>bull's strength</i>, <i>cat's grace</i>; <b>Cost </b>32,000 gp</h5></div>",,0.0,0.0,0.0,0.0,0.0,0.0,0.0,0.0,1.0,strong,1.0,64000,32000.0,,,,1698.0,0.0,0.0,0.0,0.0,,0.0,48.47
Belt Of Physical Perfection +6,strong transmutation,16,belt,"144,000 gp",1 lb.,"This belt has a large platinum buckle and grants the wearer an enhancement bonus to all physical ability scores (Strength, Dexterity, and Constitution) of +2, +4, or +6. Treat this as a temporary ability bonus for the first 24 hours the belt is worn.","Craft Wondrous Item, bear's endurance, bull's strength, cat's grace","72,000 gp",Wondrous Item,Ultimate Equipment,,,,,,,,,,"<link rel=""stylesheet""href=""PF.css""><div class=""heading""><p class=""alignleft"">Belt Of Physical Perfection +6</p><div style=""clear: both;""></div></div><div><h5><b>Aura </b>strong transmutation; <b>CL </b>16th</h5><h5><b>Slot </b>belt; <b>Price </b>144,000 gp; <b>Weight </b>1 lb.</h5></div><hr/><div><h5><b>DESCRIPTION</b></h5></div><hr/><div><h4><p>This belt has a large platinum buckle and grants the wearer an enhancement bonus to all physical ability scores (Strength, Dexterity, and Constitution) of +2, +4, or +6. Treat this as a temporary ability bonus for the first 24 hours the belt is worn.</p></h4></div><hr/><div><h5><b>CONSTRUCTION</b></h5></div><hr/><div><h5><b>Requirements </b>Craft Wondrous Item, <i>bear's endurance</i>, <i>bull's strength</i>, <i>cat's grace</i>; <b>Cost </b>72,000 gp</h5></div>",,0.0,0.0,0.0,0.0,0.0,0.0,0.0,0.0,1.0,strong,1.0,144000,72000.0,,,,1699.0,0.0,0.0,0.0,0.0,,0.0,98.82
Headband Of Alluring Charisma +2,moderate transmutation,8,headband,"4,000 gp",1 lb.,"This attractive silver headband is decorated with a number of small red and orange gemstones. The headband grants the wearer an enhancement bonus to Charisma of +2, +4, or +6. Treat this as a temporary ability bonus for the first 24 hours the headband is worn.","Craft Wondrous Item, eagle's splendor","2,000 gp",Wondrous Item,Ultimate Equipment,,,,,,,,,,"<link rel=""stylesheet""href=""PF.css""><div class=""heading""><p class=""alignleft"">Headband Of Alluring Charisma +2</p><div style=""clear: both;""></div></div><div><h5><b>Aura </b>moderate transmutation; <b>CL </b>8th</h5><h5><b>Slot </b>headband; <b>Price </b>4,000 gp; <b>Weight </b>1 lb.</h5></div><hr/><div><h5><b>DESCRIPTION</b></h5></div><hr/><div><h4><p>This attractive silver headband is decorated with a number of small red and orange gemstones. The headband grants the wearer an enhancement bonus to Charisma of +2, +4, or +6. Treat this as a temporary ability bonus for the first 24 hours the headband is worn.</p></h4></div><hr/><div><h5><b>CONSTRUCTION</b></h5></div><hr/><div><h5><b>Requirements </b>Craft Wondrous Item, <i>eagle's splendor</i>; <b>Cost </b>2,000 gp</h5></div>",,0.0,0.0,0.0,0.0,0.0,0.0,0.0,0.0,1.0,moderate,1.0,4000,2000.0,,,,1950.0,0.0,0.0,0.0,0.0,,0.0,6.01
Headband Of Alluring Charisma +4,moderate transmutation,8,headband,"16,000 gp",1 lb.,"This attractive silver headband is decorated with a number of small red and orange gemstones. The headband grants the wearer an enhancement bonus to Charisma of +2, +4, or +6. Treat this as a temporary ability bonus for the first 24 hours the headband is worn.","Craft Wondrous Item, eagle's splendor","8,000 gp",Wondrous Item,Ultimate Equipment,,,,,,,,,,"<link rel=""stylesheet""href=""PF.css""><div class=""heading""><p class=""alignleft"">Headband Of Alluring Charisma +4</p><div style=""clear: both;""></div></div><div><h5><b>Aura </b>moderate transmutation; <b>CL </b>8th</h5><h5><b>Slot </b>headband; <b>Price </b>16,000 gp; <b>Weight </b>1 lb.</h5></div><hr/><div><h5><b>DESCRIPTION</b></h5></div><hr/><div><h4><p>This attractive silver headband is decorated with a number of small red and orange gemstones. The headband grants the wearer an enhancement bonus to Charisma of +2, +4, or +6. Treat this as a temporary ability bonus for the first 24 hours the headband is worn.</p></h4></div><hr/><div><h5><b>CONSTRUCTION</b></h5></div><hr/><div><h5><b>Requirements </b>Craft Wondrous Item, <i>eagle's splendor</i>; <b>Cost </b>8,000 gp</h5></div>",,0.0,0.0,0.0,0.0,0.0,0.0,0.0,0.0,1.0,moderate,1.0,16000,8000.0,,,,1951.0,0.0,0.0,0.0,0.0,,0.0,13.56
Headband Of Alluring Charisma +6,moderate transmutation,8,headband,"36,000 gp",1 lb.,"This attractive silver headband is decorated with a number of small red and orange gemstones. The headband grants the wearer an enhancement bonus to Charisma of +2, +4, or +6. Treat this as a temporary ability bonus for the first 24 hours the headband is worn.","Craft Wondrous Item, eagle's splendor","18,000 gp",Wondrous Item,Ultimate Equipment,,,,,,,,,,"<link rel=""stylesheet""href=""PF.css""><div class=""heading""><p class=""alignleft"">Headband Of Alluring Charisma +6</p><div style=""clear: both;""></div></div><div><h5><b>Aura </b>moderate transmutation; <b>CL </b>8th</h5><h5><b>Slot </b>headband; <b>Price </b>36,000 gp; <b>Weight </b>1 lb.</h5></div><hr/><div><h5><b>DESCRIPTION</b></h5></div><hr/><div><h4><p>This attractive silver headband is decorated with a number of small red and orange gemstones. The headband grants the wearer an enhancement bonus to Charisma of +2, +4, or +6. Treat this as a temporary ability bonus for the first 24 hours the headband is worn.</p></h4></div><hr/><div><h5><b>CONSTRUCTION</b></h5></div><hr/><div><h5><b>Requirements </b>Craft Wondrous Item, <i>eagle's splendor</i>; <b>Cost </b>18,000 gp</h5></div>",,0.0,0.0,0.0,0.0,0.0,0.0,0.0,0.0,1.0,moderate,1.0,36000,18000.0,,,,1952.0,0.0,0.0,0.0,0.0,,0.0,26.15
Headband Of Inspired Wisdom +2,moderate transmutation,8,headband,"4,000 gp",1 lb.,"This simple bronze headband is decorated with an intricate pattern of fine green etchings. The headband grants the wearer an enhancement bonus to Wisdom of +2, +4, or +6. Treat this as a temporary ability bonus for the first 24 hours the headband is worn.","Craft Wondrous Item, owl's wisdom","2,000 gp",Wondrous Item,Ultimate Equipment,,,,,,,,,,"<link rel=""stylesheet""href=""PF.css""><div class=""heading""><p class=""alignleft"">Headband Of Inspired Wisdom +2</p><div style=""clear: both;""></div></div><div><h5><b>Aura </b>moderate transmutation; <b>CL </b>8th</h5><h5><b>Slot </b>headband; <b>Price </b>4,000 gp; <b>Weight </b>1 lb.</h5></div><hr/><div><h5><b>DESCRIPTION</b></h5></div><hr/><div><h4><p>This simple bronze headband is decorated with an intricate pattern of fine green etchings. The headband grants the wearer an enhancement bonus to Wisdom of +2, +4, or +6. Treat this as a temporary ability bonus for the first 24 hours the headband is worn.</p></h4></div><hr/><div><h5><b>CONSTRUCTION</b></h5></div><hr/><div><h5><b>Requirements </b>Craft Wondrous Item, <i>owl's wisdom</i>; <b>Cost </b>2,000 gp</h5></div>",,0.0,0.0,0.0,0.0,0.0,0.0,0.0,0.0,1.0,moderate,1.0,4000,2000.0,,,,1958.0,0.0,0.0,0.0,0.0,,0.0,6.01
Headband Of Inspired Wisdom +4,moderate transmutation,8,headband,"16,000 gp",1 lb.,"This simple bronze headband is decorated with an intricate pattern of fine green etchings. The headband grants the wearer an enhancement bonus to Wisdom of +2, +4, or +6. Treat this as a temporary ability bonus for the first 24 hours the headband is worn.","Craft Wondrous Item, owl's wisdom","8,000 gp",Wondrous Item,Ultimate Equipment,,,,,,,,,,"<link rel=""stylesheet""href=""PF.css""><div class=""heading""><p class=""alignleft"">Headband Of Inspired Wisdom +4</p><div style=""clear: both;""></div></div><div><h5><b>Aura </b>moderate transmutation; <b>CL </b>8th</h5><h5><b>Slot </b>headband; <b>Price </b>16,000 gp; <b>Weight </b>1 lb.</h5></div><hr/><div><h5><b>DESCRIPTION</b></h5></div><hr/><div><h4><p>This simple bronze headband is decorated with an intricate pattern of fine green etchings. The headband grants the wearer an enhancement bonus to Wisdom of +2, +4, or +6. Treat this as a temporary ability bonus for the first 24 hours the headband is worn.</p></h4></div><hr/><div><h5><b>CONSTRUCTION</b></h5></div><hr/><div><h5><b>Requirements </b>Craft Wondrous Item, <i>owl's wisdom</i>; <b>Cost </b>8,000 gp</h5></div>",,0.0,0.0,0.0,0.0,0.0,0.0,0.0,0.0,1.0,moderate,1.0,16000,8000.0,,,,1959.0,0.0,0.0,0.0,0.0,,0.0,13.56
Headband Of Inspired Wisdom +6,moderate transmutation,8,headband,"36,000 gp",1 lb.,"This simple bronze headband is decorated with an intricate pattern of fine green etchings. The headband grants the wearer an enhancement bonus to Wisdom of +2, +4, or +6. Treat this as a temporary ability bonus for the first 24 hours the headband is worn.","Craft Wondrous Item, owl's wisdom","18,000 gp",Wondrous Item,Ultimate Equipment,,,,,,,,,,"<link rel=""stylesheet""href=""PF.css""><div class=""heading""><p class=""alignleft"">Headband Of Inspired Wisdom +6</p><div style=""clear: both;""></div></div><div><h5><b>Aura </b>moderate transmutation; <b>CL </b>8th</h5><h5><b>Slot </b>headband; <b>Price </b>36,000 gp; <b>Weight </b>1 lb.</h5></div><hr/><div><h5><b>DESCRIPTION</b></h5></div><hr/><div><h4><p>This simple bronze headband is decorated with an intricate pattern of fine green etchings. The headband grants the wearer an enhancement bonus to Wisdom of +2, +4, or +6. Treat this as a temporary ability bonus for the first 24 hours the headband is worn.</p></h4></div><hr/><div><h5><b>CONSTRUCTION</b></h5></div><hr/><div><h5><b>Requirements </b>Craft Wondrous Item, <i>owl's wisdom</i>; <b>Cost </b>18,000 gp</h5></div>",,0.0,0.0,0.0,0.0,0.0,0.0,0.0,0.0,1.0,moderate,1.0,36000,18000.0,,,,1960.0,0.0,0.0,0.0,0.0,,0.0,26.15
Headband Of Mental Prowess +2,strong transmutation,12,headband,"10,000 gp",1 lb.,"This simple copper headband has a small yellow gem set so that when it rests upon the forehead of the wearer, the yellow gem sits perched on the wearer's brow as if it were a third eye in the middle of her forehead. Often, the headband contains additional designs to further accentuate the appearance of a third, crystal eye.   The headband grants the wearer an enhancement bonus to two mental ability scores (Intelligence, Wisdom, or Charisma) of +2, +4, or +6. Treat this as a temporary ability bonus for the first 24 hours the headband is worn.   These bonuses are chosen when the headband is created and cannot be changed. If the headband grants a bonus to Intelligence, it also grants skill ranks as a headband of vast intelligence.","Craft Wondrous Item, eagle's splendor, fox's cunning, owl's wisdom (any two)","5,000 gp",Wondrous Item,Ultimate Equipment,,,,,,,,,,"<link rel=""stylesheet""href=""PF.css""><div class=""heading""><p class=""alignleft"">Headband Of Mental Prowess +2</p><div style=""clear: both;""></div></div><div><h5><b>Aura </b>strong transmutation; <b>CL </b>12th</h5><h5><b>Slot </b>headband; <b>Price </b>10,000 gp; <b>Weight </b>1 lb.</h5></div><hr/><div><h5><b>DESCRIPTION</b></h5></div><hr/><div><h4><p>This simple copper headband has a small yellow gem set so that when it rests upon the forehead of the wearer, the yellow gem sits perched on the wearer's brow as if it were a third eye in the middle of her forehead. Often, the headband contains additional designs to further accentuate the appearance of a third, crystal eye. </p><p>The headband grants the wearer an enhancement bonus to two mental ability scores (Intelligence, Wisdom, or Charisma) of +2, +4, or +6. Treat this as a temporary ability bonus for the first 24 hours the headband is worn. </p><p>These bonuses are chosen when the headband is created and cannot be changed. If the headband grants a bonus to Intelligence, it also grants skill ranks as a <i>headband of vast intelligence</i>.</p></h4></div><hr/><div><h5><b>CONSTRUCTION</b></h5></div><hr/><div><h5><b>Requirements </b>Craft Wondrous Item, <i>eagle's splendor</i>, <i>fox's cunning</i>, <i>owl's wisdom (any two)</i>; <b>Cost </b>5,000 gp</h5></div>",,0.0,0.0,0.0,0.0,0.0,0.0,0.0,0.0,1.0,strong,1.0,10000,5000.0,,,,1964.0,0.0,0.0,0.0,0.0,,0.0,12.13
Headband Of Mental Prowess +4,strong transmutation,12,headband,"40,000 gp",1 lb.,"This simple copper headband has a small yellow gem set so that when it rests upon the forehead of the wearer, the yellow gem sits perched on the wearer's brow as if it were a third eye in the middle of her forehead. Often, the headband contains additional designs to further accentuate the appearance of a third, crystal eye.   The headband grants the wearer an enhancement bonus to two mental ability scores (Intelligence, Wisdom, or Charisma) of +2, +4, or +6. Treat this as a temporary ability bonus for the first 24 hours the headband is worn.   These bonuses are chosen when the headband is created and cannot be changed. If the headband grants a bonus to Intelligence, it also grants skill ranks as a headband of vast intelligence.","Craft Wondrous Item, eagle's splendor, fox's cunning, owl's wisdom (any two)","20,000 gp",Wondrous Item,Ultimate Equipment,,,,,,,,,,"<link rel=""stylesheet""href=""PF.css""><div class=""heading""><p class=""alignleft"">Headband Of Mental Prowess +4</p><div style=""clear: both;""></div></div><div><h5><b>Aura </b>strong transmutation; <b>CL </b>12th</h5><h5><b>Slot </b>headband; <b>Price </b>40,000 gp; <b>Weight </b>1 lb.</h5></div><hr/><div><h5><b>DESCRIPTION</b></h5></div><hr/><div><h4><p>This simple copper headband has a small yellow gem set so that when it rests upon the forehead of the wearer, the yellow gem sits perched on the wearer's brow as if it were a third eye in the middle of her forehead. Often, the headband contains additional designs to further accentuate the appearance of a third, crystal eye. </p><p>The headband grants the wearer an enhancement bonus to two mental ability scores (Intelligence, Wisdom, or Charisma) of +2, +4, or +6. Treat this as a temporary ability bonus for the first 24 hours the headband is worn. </p><p>These bonuses are chosen when the headband is created and cannot be changed. If the headband grants a bonus to Intelligence, it also grants skill ranks as a <i>headband of vast intelligence</i>.</p></h4></div><hr/><div><h5><b>CONSTRUCTION</b></h5></div><hr/><div><h5><b>Requirements </b>Craft Wondrous Item, <i>eagle's splendor</i>, <i>fox's cunning</i>, <i>owl's wisdom (any two)</i>; <b>Cost </b>20,000 gp</h5></div>",,0.0,0.0,0.0,0.0,0.0,0.0,0.0,0.0,1.0,strong,1.0,40000,20000.0,,,,1965.0,0.0,0.0,0.0,0.0,,0.0,31.02
Headband Of Mental Prowess +6,strong transmutation,12,headband,"90,000 gp",1 lb.,"This simple copper headband has a small yellow gem set so that when it rests upon the forehead of the wearer, the yellow gem sits perched on the wearer's brow as if it were a third eye in the middle of her forehead. Often, the headband contains additional designs to further accentuate the appearance of a third, crystal eye.   The headband grants the wearer an enhancement bonus to two mental ability scores (Intelligence, Wisdom, or Charisma) of +2, +4, or +6. Treat this as a temporary ability bonus for the first 24 hours the headband is worn.   These bonuses are chosen when the headband is created and cannot be changed. If the headband grants a bonus to Intelligence, it also grants skill ranks as a headband of vast intelligence.","Craft Wondrous Item, eagle's splendor, fox's cunning, owl's wisdom (any two)","45,000 gp",Wondrous Item,Ultimate Equipment,,,,,,,,,,"<link rel=""stylesheet""href=""PF.css""><div class=""heading""><p class=""alignleft"">Headband Of Mental Prowess +6</p><div style=""clear: both;""></div></div><div><h5><b>Aura </b>strong transmutation; <b>CL </b>12th</h5><h5><b>Slot </b>headband; <b>Price </b>90,000 gp; <b>Weight </b>1 lb.</h5></div><hr/><div><h5><b>DESCRIPTION</b></h5></div><hr/><div><h4><p>This simple copper headband has a small yellow gem set so that when it rests upon the forehead of the wearer, the yellow gem sits perched on the wearer's brow as if it were a third eye in the middle of her forehead. Often, the headband contains additional designs to further accentuate the appearance of a third, crystal eye. </p><p>The headband grants the wearer an enhancement bonus to two mental ability scores (Intelligence, Wisdom, or Charisma) of +2, +4, or +6. Treat this as a temporary ability bonus for the first 24 hours the headband is worn. </p><p>These bonuses are chosen when the headband is created and cannot be changed. If the headband grants a bonus to Intelligence, it also grants skill ranks as a <i>headband of vast intelligence</i>.</p></h4></div><hr/><div><h5><b>CONSTRUCTION</b></h5></div><hr/><div><h5><b>Requirements </b>Craft Wondrous Item, <i>eagle's splendor</i>, <i>fox's cunning</i>, <i>owl's wisdom (any two)</i>; <b>Cost </b>45,000 gp</h5></div>",,0.0,0.0,0.0,0.0,0.0,0.0,0.0,0.0,1.0,strong,1.0,90000,45000.0,,,,1966.0,0.0,0.0,0.0,0.0,,0.0,62.48
Headband Of Mental Superiority +2,strong transmutation,16,headband,"16,000 gp",1 lb.,"This ornate headband is decorated with numerous clusters of small gemstones. The headband grants the wearer an enhancement bonus to all mental ability scores (Intelligence, Wisdom, and Charisma) of +2, +4, or +6. Treat this as a temporary ability bonus for the first 24 hours the headband is worn. The headband also grants skill ranks as a headband of vast intelligence.","Craft Wondrous Item, eagle's splendor, fox's cunning, owl's wisdom","8,000 gp",Wondrous Item,Ultimate Equipment,,,,,,,,,,"<link rel=""stylesheet""href=""PF.css""><div class=""heading""><p class=""alignleft"">Headband Of Mental Superiority +2</p><div style=""clear: both;""></div></div><div><h5><b>Aura </b>strong transmutation; <b>CL </b>16th</h5><h5><b>Slot </b>headband; <b>Price </b>16,000 gp; <b>Weight </b>1 lb.</h5></div><hr/><div><h5><b>DESCRIPTION</b></h5></div><hr/><div><h4><p>This ornate headband is decorated with numerous clusters of small gemstones. The headband grants the wearer an enhancement bonus to all mental ability scores (Intelligence, Wisdom, and Charisma) of +2, +4, or +6. Treat this as a temporary ability bonus for the first 24 hours the headband is worn. The headband also grants skill ranks as a <i>headband of vast intelligence</i>.</p></h4></div><hr/><div><h5><b>CONSTRUCTION</b></h5></div><hr/><div><h5><b>Requirements </b>Craft Wondrous Item, <i>eagle's splendor</i>, <i>fox's cunning</i>, <i>owl's wisdom</i>; <b>Cost </b>8,000 gp</h5></div>",,0.0,0.0,0.0,0.0,0.0,0.0,0.0,0.0,1.0,strong,1.0,16000,8000.0,,,,1968.0,0.0,0.0,0.0,0.0,,0.0,18.26
Headband Of Mental Superiority +4,strong transmutation,16,headband,"64,000 gp",1 lb.,"This ornate headband is decorated with numerous clusters of small gemstones. The headband grants the wearer an enhancement bonus to all mental ability scores (Intelligence, Wisdom, and Charisma) of +2, +4, or +6. Treat this as a temporary ability bonus for the first 24 hours the headband is worn. The headband also grants skill ranks as a headband of vast intelligence.","Craft Wondrous Item, eagle's splendor, fox's cunning, owl's wisdom","32,000 gp",Wondrous Item,Ultimate Equipment,,,,,,,,,,"<link rel=""stylesheet""href=""PF.css""><div class=""heading""><p class=""alignleft"">Headband Of Mental Superiority +4</p><div style=""clear: both;""></div></div><div><h5><b>Aura </b>strong transmutation; <b>CL </b>16th</h5><h5><b>Slot </b>headband; <b>Price </b>64,000 gp; <b>Weight </b>1 lb.</h5></div><hr/><div><h5><b>DESCRIPTION</b></h5></div><hr/><div><h4><p>This ornate headband is decorated with numerous clusters of small gemstones. The headband grants the wearer an enhancement bonus to all mental ability scores (Intelligence, Wisdom, and Charisma) of +2, +4, or +6. Treat this as a temporary ability bonus for the first 24 hours the headband is worn. The headband also grants skill ranks as a <i>headband of vast intelligence</i>.</p></h4></div><hr/><div><h5><b>CONSTRUCTION</b></h5></div><hr/><div><h5><b>Requirements </b>Craft Wondrous Item, <i>eagle's splendor</i>, <i>fox's cunning</i>, <i>owl's wisdom</i>; <b>Cost </b>32,000 gp</h5></div>",,0.0,0.0,0.0,0.0,0.0,0.0,0.0,0.0,1.0,strong,1.0,64000,32000.0,,,,1969.0,0.0,0.0,0.0,0.0,,0.0,48.47
Headband Of Mental Superiority +6,strong transmutation,16,headband,"144,000 gp",1 lb.,"This ornate headband is decorated with numerous clusters of small gemstones. The headband grants the wearer an enhancement bonus to all mental ability scores (Intelligence, Wisdom, and Charisma) of +2, +4, or +6. Treat this as a temporary ability bonus for the first 24 hours the headband is worn. The headband also grants skill ranks as a headband of vast intelligence.","Craft Wondrous Item, eagle's splendor, fox's cunning, owl's wisdom","77,000 gp",Wondrous Item,Ultimate Equipment,,,,,,,,,,"<link rel=""stylesheet""href=""PF.css""><div class=""heading""><p class=""alignleft"">Headband Of Mental Superiority +6</p><div style=""clear: both;""></div></div><div><h5><b>Aura </b>strong transmutation; <b>CL </b>16th</h5><h5><b>Slot </b>headband; <b>Price </b>144,000 gp; <b>Weight </b>1 lb.</h5></div><hr/><div><h5><b>DESCRIPTION</b></h5></div><hr/><div><h4><p>This ornate headband is decorated with numerous clusters of small gemstones. The headband grants the wearer an enhancement bonus to all mental ability scores (Intelligence, Wisdom, and Charisma) of +2, +4, or +6. Treat this as a temporary ability bonus for the first 24 hours the headband is worn. The headband also grants skill ranks as a <i>headband of vast intelligence</i>.</p></h4></div><hr/><div><h5><b>CONSTRUCTION</b></h5></div><hr/><div><h5><b>Requirements </b>Craft Wondrous Item, <i>eagle's splendor</i>, <i>fox's cunning</i>, <i>owl's wisdom</i>; <b>Cost </b>77,000 gp</h5></div>",,0.0,0.0,0.0,0.0,0.0,0.0,0.0,0.0,1.0,strong,1.0,144000,77000.0,,,,1970.0,0.0,0.0,0.0,0.0,,0.0,98.82
Headband Of Vast Intelligence +2,moderate transmutation,8,headband,"4,000 gp",1 lb.,"This intricate gold headband is decorated with several small blue and deep purple gemstones. The headband grants the wearer an enhancement bonus to Intelligence of +2, +4, or +6. Treat this as a temporary ability bonus for the first 24 hours the headband is worn. A headband of vast intelligence has one skill associated with it per +2 bonus it grants. After being worn for 24 hours, the headband grants a number of skill ranks in those skills equal to the wearer's total Hit Dice. These ranks do not stack with the ranks a creature already possesses. These skills are chosen when the headband is created. If no skill is listed, the headband is assumed to grant skill ranks in randomly determined Knowledge skills.","Craft Wondrous Item, fox's cunning","2,000 gp",Wondrous Item,Ultimate Equipment,,,,,,,,,,"<link rel=""stylesheet""href=""PF.css""><div class=""heading""><p class=""alignleft"">Headband Of Vast Intelligence +2</p><div style=""clear: both;""></div></div><div><h5><b>Aura </b>moderate transmutation; <b>CL </b>8th</h5><h5><b>Slot </b>headband; <b>Price </b>4,000 gp; <b>Weight </b>1 lb.</h5></div><hr/><div><h5><b>DESCRIPTION</b></h5></div><hr/><div><h4><p>This intricate gold headband is decorated with several small blue and deep purple gemstones. The headband grants the wearer an enhancement bonus to Intelligence of +2, +4, or +6. Treat this as a temporary ability bonus for the first 24 hours the headband is worn. A <i>headband of vast intelligence</i> has one skill associated with it per +2 bonus it grants. After being worn for 24 hours, the headband grants a number of skill ranks in those skills equal to the wearer's total Hit Dice. These ranks do not stack with the ranks a creature already possesses. These skills are chosen when the headband is created. If no skill is listed, the headband is assumed to grant skill ranks in randomly determined Knowledge skills.</p></h4></div><hr/><div><h5><b>CONSTRUCTION</b></h5></div><hr/><div><h5><b>Requirements </b>Craft Wondrous Item, <i>fox's cunning</i>; <b>Cost </b>2,000 gp</h5></div>",,0.0,0.0,0.0,0.0,0.0,0.0,0.0,0.0,1.0,moderate,1.0,4000,2000.0,,,,1975.0,0.0,0.0,0.0,0.0,,0.0,6.01
Headband Of Vast Intelligence +4,moderate transmutation,8,headband,"16,000 gp",1 lb.,"This intricate gold headband is decorated with several small blue and deep purple gemstones. The headband grants the wearer an enhancement bonus to Intelligence of +2, +4, or +6. Treat this as a temporary ability bonus for the first 24 hours the headband is worn. A headband of vast intelligence has one skill associated with it per +2 bonus it grants. After being worn for 24 hours, the headband grants a number of skill ranks in those skills equal to the wearer's total Hit Dice. These ranks do not stack with the ranks a creature already possesses. These skills are chosen when the headband is created. If no skill is listed, the headband is assumed to grant skill ranks in randomly determined Knowledge skills.","Craft Wondrous Item, fox's cunning","8,000 gp",Wondrous Item,Ultimate Equipment,,,,,,,,,,"<link rel=""stylesheet""href=""PF.css""><div class=""heading""><p class=""alignleft"">Headband Of Vast Intelligence +4</p><div style=""clear: both;""></div></div><div><h5><b>Aura </b>moderate transmutation; <b>CL </b>8th</h5><h5><b>Slot </b>headband; <b>Price </b>16,000 gp; <b>Weight </b>1 lb.</h5></div><hr/><div><h5><b>DESCRIPTION</b></h5></div><hr/><div><h4><p>This intricate gold headband is decorated with several small blue and deep purple gemstones. The headband grants the wearer an enhancement bonus to Intelligence of +2, +4, or +6. Treat this as a temporary ability bonus for the first 24 hours the headband is worn. A <i>headband of vast intelligence</i> has one skill associated with it per +2 bonus it grants. After being worn for 24 hours, the headband grants a number of skill ranks in those skills equal to the wearer's total Hit Dice. These ranks do not stack with the ranks a creature already possesses. These skills are chosen when the headband is created. If no skill is listed, the headband is assumed to grant skill ranks in randomly determined Knowledge skills.</p></h4></div><hr/><div><h5><b>CONSTRUCTION</b></h5></div><hr/><div><h5><b>Requirements </b>Craft Wondrous Item, <i>fox's cunning</i>; <b>Cost </b>8,000 gp</h5></div>",,0.0,0.0,0.0,0.0,0.0,0.0,0.0,0.0,1.0,moderate,1.0,16000,8000.0,,,,1976.0,0.0,0.0,0.0,0.0,,0.0,13.56
Headband Of Vast Intelligence +6,moderate transmutation,8,headband,"36,000 gp",1 lb.,"This intricate gold headband is decorated with several small blue and deep purple gemstones. The headband grants the wearer an enhancement bonus to Intelligence of +2, +4, or +6. Treat this as a temporary ability bonus for the first 24 hours the headband is worn. A headband of vast intelligence has one skill associated with it per +2 bonus it grants. After being worn for 24 hours, the headband grants a number of skill ranks in those skills equal to the wearer's total Hit Dice. These ranks do not stack with the ranks a creature already possesses. These skills are chosen when the headband is created. If no skill is listed, the headband is assumed to grant skill ranks in randomly determined Knowledge skills.","Craft Wondrous Item, fox's cunning","18,000 gp",Wondrous Item,Ultimate Equipment,,,,,,,,,,"<link rel=""stylesheet""href=""PF.css""><div class=""heading""><p class=""alignleft"">Headband Of Vast Intelligence +6</p><div style=""clear: both;""></div></div><div><h5><b>Aura </b>moderate transmutation; <b>CL </b>8th</h5><h5><b>Slot </b>headband; <b>Price </b>36,000 gp; <b>Weight </b>1 lb.</h5></div><hr/><div><h5><b>DESCRIPTION</b></h5></div><hr/><div><h4><p>This intricate gold headband is decorated with several small blue and deep purple gemstones. The headband grants the wearer an enhancement bonus to Intelligence of +2, +4, or +6. Treat this as a temporary ability bonus for the first 24 hours the headband is worn. A <i>headband of vast intelligence</i> has one skill associated with it per +2 bonus it grants. After being worn for 24 hours, the headband grants a number of skill ranks in those skills equal to the wearer's total Hit Dice. These ranks do not stack with the ranks a creature already possesses. These skills are chosen when the headband is created. If no skill is listed, the headband is assumed to grant skill ranks in randomly determined Knowledge skills.</p></h4></div><hr/><div><h5><b>CONSTRUCTION</b></h5></div><hr/><div><h5><b>Requirements </b>Craft Wondrous Item, <i>fox's cunning</i>; <b>Cost </b>18,000 gp</h5></div>",,0.0,0.0,0.0,0.0,0.0,0.0,0.0,0.0,1.0,moderate,1.0,36000,18000.0,,,,1977.0,0.0,0.0,0.0,0.0,,0.0,26.15
Amulet Of Natural Armor +1,faint transmutation,5,neck,"2,000 gp",-,"This amulet, usually containing some type of magically preserved monster hide or other natural armor-such as bone, horn, carapace, or beast scales- toughens the wearer's body and flesh, giving him an enhancement bonus to his natural armor from +1 to +5, depending on the kind of amulet.","Craft Wondrous Item, barkskin, creator's caster level must be at least three times the amulet's bonus","1,000 gp",Wondrous Item,Ultimate Equipment,,,,,,,,,,"<link rel=""stylesheet""href=""PF.css""><div class=""heading""><p class=""alignleft"">Amulet Of Natural Armor +1</p><div style=""clear: both;""></div></div><div><h5><b>Aura </b>faint transmutation; <b>CL </b>5th</h5><h5><b>Slot </b>neck; <b>Price </b>2,000 gp; <b>Weight </b>-</h5></div><hr/><div><h5><b>DESCRIPTION</b></h5></div><hr/><div><h4><p>This amulet, usually containing some type of magically preserved monster hide or other natural armor-such as bone, horn, carapace, or beast scales- toughens the wearer's body and flesh, giving him an enhancement bonus to his natural armor from +1 to +5, depending on the kind of amulet.</p></h4></div><hr/><div><h5><b>CONSTRUCTION</b></h5></div><hr/><div><h5><b>Requirements </b>Craft Wondrous Item, <i>barkskin</i>, creator's caster level must be at least three times the amulet's bonus; <b>Cost </b>1,000 gp</h5></div>",,0.0,0.0,0.0,0.0,0.0,0.0,0.0,0.0,1.0,faint,0.0,2000,1000.0,,,,2006.0,0.0,0.0,0.0,0.0,,0.0,2.98
Amulet Of Natural Armor +2,faint transmutation,5,neck,"8,000 gp",-,"This amulet, usually containing some type of magically preserved monster hide or other natural armor-such as bone, horn, carapace, or beast scales- toughens the wearer's body and flesh, giving him an enhancement bonus to his natural armor from +1 to +5, depending on the kind of amulet.","Craft Wondrous Item, barkskin, creator's caster level must be at least three times the amulet's bonus","4,000 gp",Wondrous Item,Ultimate Equipment,,,,,,,,,,"<link rel=""stylesheet""href=""PF.css""><div class=""heading""><p class=""alignleft"">Amulet Of Natural Armor +2</p><div style=""clear: both;""></div></div><div><h5><b>Aura </b>faint transmutation; <b>CL </b>5th</h5><h5><b>Slot </b>neck; <b>Price </b>8,000 gp; <b>Weight </b>-</h5></div><hr/><div><h5><b>DESCRIPTION</b></h5></div><hr/><div><h4><p>This amulet, usually containing some type of magically preserved monster hide or other natural armor-such as bone, horn, carapace, or beast scales- toughens the wearer's body and flesh, giving him an enhancement bonus to his natural armor from +1 to +5, depending on the kind of amulet.</p></h4></div><hr/><div><h5><b>CONSTRUCTION</b></h5></div><hr/><div><h5><b>Requirements </b>Craft Wondrous Item, <i>barkskin</i>, creator's caster level must be at least three times the amulet's bonus; <b>Cost </b>4,000 gp</h5></div>",,0.0,0.0,0.0,0.0,0.0,0.0,0.0,0.0,1.0,faint,0.0,8000,4000.0,,,,2007.0,0.0,0.0,0.0,0.0,,0.0,6.76
Amulet Of Natural Armor +3,faint transmutation,5,neck,"18,000 gp",-,"This amulet, usually containing some type of magically preserved monster hide or other natural armor-such as bone, horn, carapace, or beast scales- toughens the wearer's body and flesh, giving him an enhancement bonus to his natural armor from +1 to +5, depending on the kind of amulet.","Craft Wondrous Item, barkskin, creator's caster level must be at least three times the amulet's bonus","9,000 gp",Wondrous Item,Ultimate Equipment,,,,,,,,,,"<link rel=""stylesheet""href=""PF.css""><div class=""heading""><p class=""alignleft"">Amulet Of Natural Armor +3</p><div style=""clear: both;""></div></div><div><h5><b>Aura </b>faint transmutation; <b>CL </b>5th</h5><h5><b>Slot </b>neck; <b>Price </b>18,000 gp; <b>Weight </b>-</h5></div><hr/><div><h5><b>DESCRIPTION</b></h5></div><hr/><div><h4><p>This amulet, usually containing some type of magically preserved monster hide or other natural armor-such as bone, horn, carapace, or beast scales- toughens the wearer's body and flesh, giving him an enhancement bonus to his natural armor from +1 to +5, depending on the kind of amulet.</p></h4></div><hr/><div><h5><b>CONSTRUCTION</b></h5></div><hr/><div><h5><b>Requirements </b>Craft Wondrous Item, <i>barkskin</i>, creator's caster level must be at least three times the amulet's bonus; <b>Cost </b>9,000 gp</h5></div>",,0.0,0.0,0.0,0.0,0.0,0.0,0.0,0.0,1.0,faint,0.0,18000,9000.0,,,,2008.0,0.0,0.0,0.0,0.0,,0.0,13.05
Amulet Of Natural Armor +4,faint transmutation,5,neck,"32,000 gp",-,"This amulet, usually containing some type of magically preserved monster hide or other natural armor-such as bone, horn, carapace, or beast scales- toughens the wearer's body and flesh, giving him an enhancement bonus to his natural armor from +1 to +5, depending on the kind of amulet.","Craft Wondrous Item, barkskin, creator's caster level must be at least three times the amulet's bonus","16,000 gp",Wondrous Item,Ultimate Equipment,,,,,,,,,,"<link rel=""stylesheet""href=""PF.css""><div class=""heading""><p class=""alignleft"">Amulet Of Natural Armor +4</p><div style=""clear: both;""></div></div><div><h5><b>Aura </b>faint transmutation; <b>CL </b>5th</h5><h5><b>Slot </b>neck; <b>Price </b>32,000 gp; <b>Weight </b>-</h5></div><hr/><div><h5><b>DESCRIPTION</b></h5></div><hr/><div><h4><p>This amulet, usually containing some type of magically preserved monster hide or other natural armor-such as bone, horn, carapace, or beast scales- toughens the wearer's body and flesh, giving him an enhancement bonus to his natural armor from +1 to +5, depending on the kind of amulet.</p></h4></div><hr/><div><h5><b>CONSTRUCTION</b></h5></div><hr/><div><h5><b>Requirements </b>Craft Wondrous Item, <i>barkskin</i>, creator's caster level must be at least three times the amulet's bonus; <b>Cost </b>16,000 gp</h5></div>",,0.0,0.0,0.0,0.0,0.0,0.0,0.0,0.0,1.0,faint,0.0,32000,16000.0,,,,2009.0,0.0,0.0,0.0,0.0,,0.0,21.86
Amulet Of Natural Armor +5,faint transmutation,5,neck,"50,000 gp",-,"This amulet, usually containing some type of magically preserved monster hide or other natural armor-such as bone, horn, carapace, or beast scales- toughens the wearer's body and flesh, giving him an enhancement bonus to his natural armor from +1 to +5, depending on the kind of amulet.","Craft Wondrous Item, barkskin, creator's caster level must be at least three times the amulet's bonus","25,000 gp",Wondrous Item,Ultimate Equipment,,,,,,,,,,"<link rel=""stylesheet""href=""PF.css""><div class=""heading""><p class=""alignleft"">Amulet Of Natural Armor +5</p><div style=""clear: both;""></div></div><div><h5><b>Aura </b>faint transmutation; <b>CL </b>5th</h5><h5><b>Slot </b>neck; <b>Price </b>50,000 gp; <b>Weight </b>-</h5></div><hr/><div><h5><b>DESCRIPTION</b></h5></div><hr/><div><h4><p>This amulet, usually containing some type of magically preserved monster hide or other natural armor-such as bone, horn, carapace, or beast scales- toughens the wearer's body and flesh, giving him an enhancement bonus to his natural armor from +1 to +5, depending on the kind of amulet.</p></h4></div><hr/><div><h5><b>CONSTRUCTION</b></h5></div><hr/><div><h5><b>Requirements </b>Craft Wondrous Item, <i>barkskin</i>, creator's caster level must be at least three times the amulet's bonus; <b>Cost </b>25,000 gp</h5></div>",,0.0,0.0,0.0,0.0,0.0,0.0,0.0,0.0,1.0,faint,0.0,50000,25000.0,,,,2010.0,0.0,0.0,0.0,0.0,,0.0,33.19
Cloak Of Resistance +1,faint abjuration,5,shoulders,"1,000 gp",1 lb.,"Flecks of silver or steel are often sown amid the fabric of these magical cloaks. This garment offers magical protection in the form of a +1 to +5 resistance bonus on all saving throws (Fortitude, Reflex, and Will).","Craft Wondrous Item, resistance, creator's caster level must be at least three times the cloak's bonus",500 gp,Wondrous Item,Ultimate Equipment,,,,,,,,,,"<link rel=""stylesheet""href=""PF.css""><div class=""heading""><p class=""alignleft"">Cloak Of Resistance +1</p><div style=""clear: both;""></div></div><div><h5><b>Aura </b>faint abjuration; <b>CL </b>5th</h5><h5><b>Slot </b>shoulders; <b>Price </b>1,000 gp; <b>Weight </b>1 lb.</h5></div><hr/><div><h5><b>DESCRIPTION</b></h5></div><hr/><div><h4><p>Flecks of silver or steel are often sown amid the fabric of these magical cloaks. This garment offers magical protection in the form of a +1 to +5 resistance bonus on all saving throws (Fortitude, Reflex, and Will).</p></h4></div><hr/><div><h5><b>CONSTRUCTION</b></h5></div><hr/><div><h5><b>Requirements </b>Craft Wondrous Item, <i>resistance</i>, creator's caster level must be at least three times the cloak's bonus; <b>Cost </b>500 gp</h5></div>",,0.0,0.0,1.0,0.0,0.0,0.0,0.0,0.0,0.0,faint,1.0,1000,500.0,,,,2067.0,0.0,0.0,0.0,0.0,,0.0,2.35
Cloak Of Resistance +2,faint abjuration,5,shoulders,"4,000 gp",1 lb.,"Flecks of silver or steel are often sown amid the fabric of these magical cloaks. This garment offers magical protection in the form of a +1 to +5 resistance bonus on all saving throws (Fortitude, Reflex, and Will).","Craft Wondrous Item, resistance, creator's caster level must be at least three times the cloak's bonus","2,000 gp",Wondrous Item,Ultimate Equipment,,,,,,,,,,"<link rel=""stylesheet""href=""PF.css""><div class=""heading""><p class=""alignleft"">Cloak Of Resistance +2</p><div style=""clear: both;""></div></div><div><h5><b>Aura </b>faint abjuration; <b>CL </b>5th</h5><h5><b>Slot </b>shoulders; <b>Price </b>4,000 gp; <b>Weight </b>1 lb.</h5></div><hr/><div><h5><b>DESCRIPTION</b></h5></div><hr/><div><h4><p>Flecks of silver or steel are often sown amid the fabric of these magical cloaks. This garment offers magical protection in the form of a +1 to +5 resistance bonus on all saving throws (Fortitude, Reflex, and Will).</p></h4></div><hr/><div><h5><b>CONSTRUCTION</b></h5></div><hr/><div><h5><b>Requirements </b>Craft Wondrous Item, <i>resistance</i>, creator's caster level must be at least three times the cloak's bonus; <b>Cost </b>2,000 gp</h5></div>",,0.0,0.0,1.0,0.0,0.0,0.0,0.0,0.0,0.0,faint,1.0,4000,2000.0,,,,2068.0,0.0,0.0,0.0,0.0,,0.0,4.24
Cloak Of Resistance +3,faint abjuration,5,shoulders,"9,000 gp",1 lb.,"Flecks of silver or steel are often sown amid the fabric of these magical cloaks. This garment offers magical protection in the form of a +1 to +5 resistance bonus on all saving throws (Fortitude, Reflex, and Will).","Craft Wondrous Item, resistance, creator's caster level must be at least three times the cloak's bonus","4,500 gp",Wondrous Item,Ultimate Equipment,,,,,,,,,,"<link rel=""stylesheet""href=""PF.css""><div class=""heading""><p class=""alignleft"">Cloak Of Resistance +3</p><div style=""clear: both;""></div></div><div><h5><b>Aura </b>faint abjuration; <b>CL </b>5th</h5><h5><b>Slot </b>shoulders; <b>Price </b>9,000 gp; <b>Weight </b>1 lb.</h5></div><hr/><div><h5><b>DESCRIPTION</b></h5></div><hr/><div><h4><p>Flecks of silver or steel are often sown amid the fabric of these magical cloaks. This garment offers magical protection in the form of a +1 to +5 resistance bonus on all saving throws (Fortitude, Reflex, and Will).</p></h4></div><hr/><div><h5><b>CONSTRUCTION</b></h5></div><hr/><div><h5><b>Requirements </b>Craft Wondrous Item, <i>resistance</i>, creator's caster level must be at least three times the cloak's bonus; <b>Cost </b>4,500 gp</h5></div>",,0.0,0.0,1.0,0.0,0.0,0.0,0.0,0.0,0.0,faint,1.0,9000,4500.0,,,,2069.0,0.0,0.0,0.0,0.0,,0.0,7.39
Cloak Of Resistance +4,faint abjuration,5,shoulders,"16,000 gp",1 lb.,"Flecks of silver or steel are often sown amid the fabric of these magical cloaks. This garment offers magical protection in the form of a +1 to +5 resistance bonus on all saving throws (Fortitude, Reflex, and Will).","Craft Wondrous Item, resistance, creator's caster level must be at least three times the cloak's bonus","8,000 gp",Wondrous Item,Ultimate Equipment,,,,,,,,,,"<link rel=""stylesheet""href=""PF.css""><div class=""heading""><p class=""alignleft"">Cloak Of Resistance +4</p><div style=""clear: both;""></div></div><div><h5><b>Aura </b>faint abjuration; <b>CL </b>5th</h5><h5><b>Slot </b>shoulders; <b>Price </b>16,000 gp; <b>Weight </b>1 lb.</h5></div><hr/><div><h5><b>DESCRIPTION</b></h5></div><hr/><div><h4><p>Flecks of silver or steel are often sown amid the fabric of these magical cloaks. This garment offers magical protection in the form of a +1 to +5 resistance bonus on all saving throws (Fortitude, Reflex, and Will).</p></h4></div><hr/><div><h5><b>CONSTRUCTION</b></h5></div><hr/><div><h5><b>Requirements </b>Craft Wondrous Item, <i>resistance</i>, creator's caster level must be at least three times the cloak's bonus; <b>Cost </b>8,000 gp</h5></div>",,0.0,0.0,1.0,0.0,0.0,0.0,0.0,0.0,0.0,faint,1.0,16000,8000.0,,,,2070.0,0.0,0.0,0.0,0.0,,0.0,11.79
Cloak Of Resistance +5,faint abjuration,5,shoulders,"25,000 gp",1 lb.,"Flecks of silver or steel are often sown amid the fabric of these magical cloaks. This garment offers magical protection in the form of a +1 to +5 resistance bonus on all saving throws (Fortitude, Reflex, and Will).","Craft Wondrous Item, resistance, creator's caster level must be at least three times the cloak's bonus","12,500 gp",Wondrous Item,Ultimate Equipment,,,,,,,,,,"<link rel=""stylesheet""href=""PF.css""><div class=""heading""><p class=""alignleft"">Cloak Of Resistance +5</p><div style=""clear: both;""></div></div><div><h5><b>Aura </b>faint abjuration; <b>CL </b>5th</h5><h5><b>Slot </b>shoulders; <b>Price </b>25,000 gp; <b>Weight </b>1 lb.</h5></div><hr/><div><h5><b>DESCRIPTION</b></h5></div><hr/><div><h4><p>Flecks of silver or steel are often sown amid the fabric of these magical cloaks. This garment offers magical protection in the form of a +1 to +5 resistance bonus on all saving throws (Fortitude, Reflex, and Will).</p></h4></div><hr/><div><h5><b>CONSTRUCTION</b></h5></div><hr/><div><h5><b>Requirements </b>Craft Wondrous Item, <i>resistance</i>, creator's caster level must be at least three times the cloak's bonus; <b>Cost </b>12,500 gp</h5></div>",,0.0,0.0,1.0,0.0,0.0,0.0,0.0,0.0,0.0,faint,1.0,25000,12500.0,,,,2071.0,0.0,0.0,0.0,0.0,,0.0,17.46
+1 Magic Weapon,,3,none,,,,,,Weapon,,,,,,,,,,,,,,,,,,,,,,,,2000,,,,,,,,,,,,1.81
+2 Magic Weapon,,6,none,,,,,,Weapon,,,,,,,,,,,,,,,,,,,,,,,,8000,,,,,,,,,,,,7.35
+3 Magic Weapon,,9,none,,,,,,Weapon,,,,,,,,,,,,,,,,,,,,,,,,18000,,,,,,,,,,,,15.41
+1 Magic Armor,,3,armor,,,,,,Armor,,,,,,,,,,,,,,,,,,,,,,,,1000,,,,,,,,,,,,1.18
+2 Magic Armor,,6,armor,,,,,,Armor,,,,,,,,,,,,,,,,,,,,,,,,4000,,,,,,,,,,,,4.83
+3 Magic Armor,,9,armor,,,,,,Armor,,,,,,,,,,,,,,,,,,,,,,,,9000,,,,,,,,,,,,9.74
+Benevolent Magic Armor,,5,armor,,,,,,Armor,,,,,,,,,,,,,,,,,,,,,,,,2000,,,,,,,,,,,,2.98
+Billowing Magic Armor,,3,armor,,,,,,Armor,,,,,,,,,,,,,,,,,,,,,,,,1000,,,,,,,,,,,,1.18
+Cocooning Magic Armor,,9,armor,,,,,,Armor,,,,,,,,,,,,,,,,,,,,,,,,1000,,,,,,,,,,,,4.71
+Poison-resistant Magic Armor,,7,armor,,,,,,Armor,,,,,,,,,,,,,,,,,,,,,,,,2250,,,,,,,,,,,,4.32
+Balanced Magic Armor,,5,armor,,,,,,Armor,,,,,,,,,,,,,,,,,,,,,,,,1000,,,,,,,,,,,,2.35
+Bitter Magic Armor,,5,armor,,,,,,Armor,,,,,,,,,,,,,,,,,,,,,,,,1000,,,,,,,,,,,,2.35
+Bolstering Magic Armor,,5,armor,,,,,,Armor,,,,,,,,,,,,,,,,,,,,,,,,1000,,,,,,,,,,,,2.35
+Champion Magic Armor,,5,armor,,,,,,Armor,,,,,,,,,,,,,,,,,,,,,,,,1000,,,,,,,,,,,,2.35
+Dastard Magic Armor,,5,armor,,,,,,Armor,,,,,,,,,,,,,,,,,,,,,,,,1000,,,,,,,,,,,,2.35
+Deathless Magic Armor,,7,armor,,,,,,Armor,,,,,,,,,,,,,,,,,,,,,,,,1000,,,,,,,,,,,,3.53
+Defiant Magic Armor,,8,armor,,,,,,Armor,,,,,,,,,,,,,,,,,,,,,,,,1000,,,,,,,,,,,,4.12
+Fortification (light) Magic Armor,,13,armor,,,,,,Armor,,,,,,,,,,,,,,,,,,,,,,,,1000,,,,,,,,,,,,7.06
+Grinding Magic Armor,,5,armor,,,,,,Armor,,,,,,,,,,,,,,,,,,,,,,,,1000,,,,,,,,,,,,2.35
+Impervious Magic Armor,,7,armor,,,,,,Armor,,,,,,,,,,,,,,,,,,,,,,,,1000,,,,,,,,,,,,3.53
+Mirrored Magic Armor,,8,armor,,,,,,Armor,,,,,,,,,,,,,,,,,,,,,,,,1000,,,,,,,,,,,,4.12
+Spell storing Magic Armor,,12,armor,,,,,,Armor,,,,,,,,,,,,,,,,,,,,,,,,1000,,,,,,,,,,,,6.47
+Stanching Magic Armor,,7,armor,,,,,,Armor,,,,,,,,,,,,,,,,,,,,,,,,1000,,,,,,,,,,,,3.53
+Warding Magic Armor,,12,armor,,,,,,Armor,,,,,,,,,,,,,,,,,,,,,,,,1000,,,,,,,,,,,,6.47
+Glamered Magic Armor,,10,armor,,,,,,Armor,,,,,,,,,,,,,,,,,,,,,,,,2700,,,,,,,,,,,,6.36
+Jousting Magic Armor,,5,armor,,,,,,Armor,,,,,,,,,,,,,,,,,,,,,,,,3750,,,,,,,,,,,,4.08
+Shadow Magic Armor,,5,armor,,,,,,Armor,,,,,,,,,,,,,,,,,,,,,,,,3750,,,,,,,,,,,,4.08
+Slick Magic Armor,,4,armor,,,,,,Armor,,,,,,,,,,,,,,,,,,,,,,,,3750,,,,,,,,,,,,3.5
+Expeditious Magic Armor,,5,armor,,,,,,Armor,,,,,,,,,,,,,,,,,,,,,,,,4000,,,,,,,,,,,,4.24
+Creeping Magic Armor,,7,armor,,,,,,Armor,,,,,,,,,,,,,,,,,,,,,,,,5000,,,,,,,,,,,,6.05
+Rallying Magic Armor,,5,armor,,,,,,Armor,,,,,,,,,,,,,,,,,,,,,,,,5000,,,,,,,,,,,,4.87
+Spell resistance (13) Magic Armor,,15,armor,,,,,,Armor,,,,,,,,,,,,,,,,,,,,,,,,4000,,,,,,,,,,,,10.12
+Adhesive Magic Armor,,10,armor,,,,,,Armor,,,,,,,,,,,,,,,,,,,,,,,,7000,,,,,,,,,,,,9.07
+Cotraveling Magic Armor,,14,armor,,,,,,Armor,,,,,,,,,,,,,,,,,,,,,,,,9000,,,,,,,,,,,,12.68
+Brawling Magic Armor,,5,armor,,,,,,Armor,,,,,,,,,,,,,,,,,,,,,,,,9000,,,,,,,,,,,,7.39
+Hosteling Magic Armor,,9,armor,,,,,,Armor,,,,,,,,,,,,,,,,,,,,,,,,7500,,,,,,,,,,,,8.8
+Radiant Magic Armor,,6,armor,,,,,,Armor,,,,,,,,,,,,,,,,,,,,,,,,7500,,,,,,,,,,,,7.03
+Delving Magic Armor,,5,armor,,,,,,Armor,,,,,,,,,,,,,,,,,,,,,,,,10000,,,,,,,,,,,,8.02
+Putrid Magic Armor,,5,armor,,,,,,Armor,,,,,,,,,,,,,,,,,,,,,,,,10000,,,,,,,,,,,,8.02
+Fortification (moderate) Magic Armor,,13,armor,,,,,,Armor,,,,,,,,,,,,,,,,,,,,,,,,9000,,,,,,,,,,,,12.09
+Ghost touch Magic Armor,,15,armor,,,,,,Armor,,,,,,,,,,,,,,,,,,,,,,,,9000,,,,,,,,,,,,13.27
+Invulnerability Magic Armor,,18,armor,,,,,,Armor,,,,,,,,,,,,,,,,,,,,,,,,9000,,,,,,,,,,,,15.03
+Shadow blending Magic Armor,,11,armor,,,,,,Armor,,,,,,,,,,,,,,,,,,,,,,,,9000,,,,,,,,,,,,10.92
+Spell resistance (15) Magic Armor,,15,armor,,,,,,Armor,,,,,,,,,,,,,,,,,,,,,,,,9000,,,,,,,,,,,,13.27
+Titanic Magic Armor,,7,armor,,,,,,Armor,,,,,,,,,,,,,,,,,,,,,,,,9000,,,,,,,,,,,,8.56
+Wild Magic Armor,,9,armor,,,,,,Armor,,,,,,,,,,,,,,,,,,,,,,,,9000,,,,,,,,,,,,9.74
+Harmonizing Magic Armor,,7,armor,,,,,,Armor,,,,,,,,,,,,,,,,,,,,,,,,15000,,,,,,,,,,,,12.34
"+Shadow, improved Magic Armor",,10,armor,,,,,,Armor,,,,,,,,,,,,,,,,,,,,,,,,15000,,,,,,,,,,,,14.11
"+Slick, improved Magic Armor",,10,armor,,,,,,Armor,,,,,,,,,,,,,,,,,,,,,,,,15000,,,,,,,,,,,,14.11
+Energy resistance Magic Armor,,3,armor,,,,,,Armor,,,,,,,,,,,,,,,,,,,,,,,,18000,,,,,,,,,,,,11.88
+Martyring Magic Armor,,9,armor,,,,,,Armor,,,,,,,,,,,,,,,,,,,,,,,,18000,,,,,,,,,,,,15.41
+Spell resistance (17) Magic Armor,,15,armor,,,,,,Armor,,,,,,,,,,,,,,,,,,,,,,,,16000,,,,,,,,,,,,17.68
+Righteous Magic Armor,,10,armor,,,,,,Armor,,,,,,,,,,,,,,,,,,,,,,,,27000,,,,,,,,,,,,21.66
+Unbound Magic Armor,,10,armor,,,,,,Armor,,,,,,,,,,,,,,,,,,,,,,,,27000,,,,,,,,,,,,21.66
+Unrighteous Magic Armor,,10,armor,,,,,,Armor,,,,,,,,,,,,,,,,,,,,,,,,27000,,,,,,,,,,,,21.66
+Vigilant Magic Armor,,10,armor,,,,,,Armor,,,,,,,,,,,,,,,,,,,,,,,,27000,,,,,,,,,,,,21.66
+Determination Magic Armor,,10,armor,,,,,,Armor,,,,,,,,,,,,,,,,,,,,,,,,30000,,,,,,,,,,,,23.55
"+Shadow, greater Magic Armor",,15,armor,,,,,,Armor,,,,,,,,,,,,,,,,,,,,,,,,33750,,,,,,,,,,,,28.85
"+Slick, greater Magic Armor",,15,armor,,,,,,Armor,,,,,,,,,,,,,,,,,,,,,,,,33750,,,,,,,,,,,,28.85
"+Energy resistance, improved Magic Armor",,7,armor,,,,,,Armor,,,,,,,,,,,,,,,,,,,,,,,,42000,,,,,,,,,,,,29.33
+Etherealness Magic Armor,,13,armor,,,,,,Armor,,,,,,,,,,,,,,,,,,,,,,,,49000,,,,,,,,,,,,37.27
+Undead controlling Magic Armor,,13,armor,,,,,,Armor,,,,,,,,,,,,,,,,,,,,,,,,49000,,,,,,,,,,,,37.27
"+Energy resistance, greater Magic Armor",,11,armor,,,,,,Armor,,,,,,,,,,,,,,,,,,,,,,,,66000,,,,,,,,,,,,46.79
+Fortification (heavy) Magic Armor,,13,armor,,,,,,Armor,,,,,,,,,,,,,,,,,,,,,,,,25000,,,,,,,,,,,,22.16
+Spell resistance (19) Magic Armor,,15,armor,,,,,,Armor,,,,,,,,,,,,,,,,,,,,,,,,25000,,,,,,,,,,,,23.34
+Impervious Magic Weapon,,7,none,,,,,,Weapon,,,,,,,,,,,,,,,,,,,,,,,,3000,,,,,,,,,,,,4.79
+Glamered Magic Weapon,,10,none,,,,,,Weapon,,,,,,,,,,,,,,,,,,,,,,,,4000,,,,,,,,,,,,7.18
+Allying Magic Weapon,,5,none,,,,,,Weapon,,,,,,,,,,,,,,,,,,,,,,,,1000,,,,,,,,,,,,2.35
+Bane Magic Weapon,,8,none,,,,,,Weapon,,,,,,,,,,,,,,,,,,,,,,,,1000,,,,,,,,,,,,4.12
+Benevolent Magic Weapon,,5,none,,,,,,Weapon,,,,,,,,,,,,,,,,,,,,,,,,1000,,,,,,,,,,,,2.35
+Called Magic Weapon,,9,none,,,,,,Weapon,,,,,,,,,,,,,,,,,,,,,,,,1000,,,,,,,,,,,,4.71
+Conductive Magic Weapon,,8,none,,,,,,Weapon,,,,,,,,,,,,,,,,,,,,,,,,1000,,,,,,,,,,,,4.12
+Corrosive Magic Weapon,,10,none,,,,,,Weapon,,,,,,,,,,,,,,,,,,,,,,,,1000,,,,,,,,,,,,5.29
+Countering Magic Weapon,,5,none,,,,,,Weapon,,,,,,,,,,,,,,,,,,,,,,,,1000,,,,,,,,,,,,2.35
+Courageous Magic Weapon,,3,none,,,,,,Weapon,,,,,,,,,,,,,,,,,,,,,,,,1000,,,,,,,,,,,,1.18
+Cruel Magic Weapon,,5,none,,,,,,Weapon,,,,,,,,,,,,,,,,,,,,,,,,1000,,,,,,,,,,,,2.35
+Cunning Magic Weapon,,6,none,,,,,,Weapon,,,,,,,,,,,,,,,,,,,,,,,,1000,,,,,,,,,,,,2.94
+Deadly Magic Weapon,,5,none,,,,,,Weapon,,,,,,,,,,,,,,,,,,,,,,,,1000,,,,,,,,,,,,2.35
+Defending Magic Weapon,,8,none,,,,,,Weapon,,,,,,,,,,,,,,,,,,,,,,,,1000,,,,,,,,,,,,4.12
+Dispelling Magic Weapon,,10,none,,,,,,Weapon,,,,,,,,,,,,,,,,,,,,,,,,1000,,,,,,,,,,,,5.29
+Flaming Magic Weapon,,10,none,,,,,,Weapon,,,,,,,,,,,,,,,,,,,,,,,,1000,,,,,,,,,,,,5.29
+Frost Magic Weapon,,8,none,,,,,,Weapon,,,,,,,,,,,,,,,,,,,,,,,,1000,,,,,,,,,,,,4.12
+Furious Magic Weapon,,8,none,,,,,,Weapon,,,,,,,,,,,,,,,,,,,,,,,,1000,,,,,,,,,,,,4.12
+Ghost touch Magic Weapon,,9,none,,,,,,Weapon,,,,,,,,,,,,,,,,,,,,,,,,1000,,,,,,,,,,,,4.71
+Grayflame Magic Weapon,,6,none,,,,,,Weapon,,,,,,,,,,,,,,,,,,,,,,,,1000,,,,,,,,,,,,2.94
+Grounding Magic Weapon,,5,none,,,,,,Weapon,,,,,,,,,,,,,,,,,,,,,,,,1000,,,,,,,,,,,,2.35
+Guardian Magic Weapon,,8,none,,,,,,Weapon,,,,,,,,,,,,,,,,,,,,,,,,1000,,,,,,,,,,,,4.12
+Heartseeker Magic Weapon,,7,none,,,,,,Weapon,,,,,,,,,,,,,,,,,,,,,,,,1000,,,,,,,,,,,,3.53
+Huntsman Magic Weapon,,7,none,,,,,,Weapon,,,,,,,,,,,,,,,,,,,,,,,,1000,,,,,,,,,,,,3.53
+Jurist Magic Weapon,,4,none,,,,,,Weapon,,,,,,,,,,,,,,,,,,,,,,,,1000,,,,,,,,,,,,1.76
+Keen Magic Weapon,,10,none,,,,,,Weapon,,,,,,,,,,,,,,,,,,,,,,,,1000,,,,,,,,,,,,5.29
+Ki focus Magic Weapon,,8,none,,,,,,Weapon,,,,,,,,,,,,,,,,,,,,,,,,1000,,,,,,,,,,,,4.12
+Limning Magic Weapon,,5,none,,,,,,Weapon,,,,,,,,,,,,,,,,,,,,,,,,1000,,,,,,,,,,,,2.35
+Menacing Magic Weapon,,10,none,,,,,,Weapon,,,,,,,,,,,,,,,,,,,,,,,,1000,,,,,,,,,,,,5.29
+Merciful Magic Weapon,,5,none,,,,,,Weapon,,,,,,,,,,,,,,,,,,,,,,,,1000,,,,,,,,,,,,2.35
+Mighty cleaving Magic Weapon,,8,none,,,,,,Weapon,,,,,,,,,,,,,,,,,,,,,,,,1000,,,,,,,,,,,,4.12
+Mimetic Magic Weapon,,5,none,,,,,,Weapon,,,,,,,,,,,,,,,,,,,,,,,,1000,,,,,,,,,,,,2.35
+Neutralizing Magic Weapon,,5,none,,,,,,Weapon,,,,,,,,,,,,,,,,,,,,,,,,1000,,,,,,,,,,,,2.35
+Ominous Magic Weapon,,5,none,,,,,,Weapon,,,,,,,,,,,,,,,,,,,,,,,,1000,,,,,,,,,,,,2.35
+Planar Magic Weapon,,9,none,,,,,,Weapon,,,,,,,,,,,,,,,,,,,,,,,,1000,,,,,,,,,,,,4.71
+Quenching Magic Weapon,,5,none,,,,,,Weapon,,,,,,,,,,,,,,,,,,,,,,,,1000,,,,,,,,,,,,2.35
+Seaborne Magic Weapon,,7,none,,,,,,Weapon,,,,,,,,,,,,,,,,,,,,,,,,1000,,,,,,,,,,,,3.53
+Shock Magic Weapon,,8,none,,,,,,Weapon,,,,,,,,,,,,,,,,,,,,,,,,1000,,,,,,,,,,,,4.12
+Spell storing Magic Weapon,,12,none,,,,,,Weapon,,,,,,,,,,,,,,,,,,,,,,,,1000,,,,,,,,,,,,6.47
+Thawing Magic Weapon,,5,none,,,,,,Weapon,,,,,,,,,,,,,,,,,,,,,,,,1000,,,,,,,,,,,,2.35
+Throwing Magic Weapon,,5,none,,,,,,Weapon,,,,,,,,,,,,,,,,,,,,,,,,1000,,,,,,,,,,,,2.35
+Thundering Magic Weapon,,5,none,,,,,,Weapon,,,,,,,,,,,,,,,,,,,,,,,,1000,,,,,,,,,,,,2.35
+Unaligned Magic Weapon,,5,none,,,,,,Weapon,,,,,,,,,,,,,,,,,,,,,,,,1000,,,,,,,,,,,,2.35
+Valiant Magic Weapon,,5,none,,,,,,Weapon,,,,,,,,,,,,,,,,,,,,,,,,1000,,,,,,,,,,,,2.35
+Vicious Magic Weapon,,9,none,,,,,,Weapon,,,,,,,,,,,,,,,,,,,,,,,,1000,,,,,,,,,,,,4.71
+Advancing Magic Weapon,,5,none,,,,,,Weapon,,,,,,,,,,,,,,,,,,,,,,,,4000,,,,,,,,,,,,4.24
+Anarchic Magic Weapon,,7,none,,,,,,Weapon,,,,,,,,,,,,,,,,,,,,,,,,4000,,,,,,,,,,,,5.42
+Anchoring Magic Weapon,,10,none,,,,,,Weapon,,,,,,,,,,,,,,,,,,,,,,,,4000,,,,,,,,,,,,7.18
+Axiomatic Magic Weapon,,7,none,,,,,,Weapon,,,,,,,,,,,,,,,,,,,,,,,,4000,,,,,,,,,,,,5.42
+Corrosive burst Magic Weapon,,12,none,,,,,,Weapon,,,,,,,,,,,,,,,,,,,,,,,,4000,,,,,,,,,,,,8.36
+Defiant Magic Weapon,,10,none,,,,,,Weapon,,,,,,,,,,,,,,,,,,,,,,,,4000,,,,,,,,,,,,7.18
+Dispelling burst Magic Weapon,,12,none,,,,,,Weapon,,,,,,,,,,,,,,,,,,,,,,,,4000,,,,,,,,,,,,8.36
+Disruption Magic Weapon,,14,none,,,,,,Weapon,,,,,,,,,,,,,,,,,,,,,,,,4000,,,,,,,,,,,,9.54
+Flaming burst Magic Weapon,,12,none,,,,,,Weapon,,,,,,,,,,,,,,,,,,,,,,,,4000,,,,,,,,,,,,8.36
+Furyborn Magic Weapon,,7,none,,,,,,Weapon,,,,,,,,,,,,,,,,,,,,,,,,4000,,,,,,,,,,,,5.42
+Glorious Magic Weapon,,5,none,,,,,,Weapon,,,,,,,,,,,,,,,,,,,,,,,,4000,,,,,,,,,,,,4.24
+Holy Magic Weapon,,7,none,,,,,,Weapon,,,,,,,,,,,,,,,,,,,,,,,,4000,,,,,,,,,,,,5.42
+Icy burst Magic Weapon,,10,none,,,,,,Weapon,,,,,,,,,,,,,,,,,,,,,,,,4000,,,,,,,,,,,,7.18
+Igniting Magic Weapon,,12,none,,,,,,Weapon,,,,,,,,,,,,,,,,,,,,,,,,4000,,,,,,,,,,,,8.36
+Impact Magic Weapon,,9,none,,,,,,Weapon,,,,,,,,,,,,,,,,,,,,,,,,4000,,,,,,,,,,,,6.59
+Invigorating Magic Weapon,,5,none,,,,,,Weapon,,,,,,,,,,,,,,,,,,,,,,,,4000,,,,,,,,,,,,4.24
+Ki intensifying Magic Weapon,,12,none,,,,,,Weapon,,,,,,,,,,,,,,,,,,,,,,,,4000,,,,,,,,,,,,8.36
+Lifesurge Magic Weapon,,8,none,,,,,,Weapon,,,,,,,,,,,,,,,,,,,,,,,,4000,,,,,,,,,,,,6.01
+Negating Magic Weapon,,5,none,,,,,,Weapon,,,,,,,,,,,,,,,,,,,,,,,,4000,,,,,,,,,,,,4.24
+Phase locking Magic Weapon,,7,none,,,,,,Weapon,,,,,,,,,,,,,,,,,,,,,,,,4000,,,,,,,,,,,,5.42
+Planestriking Magic Weapon,,9,none,,,,,,Weapon,,,,,,,,,,,,,,,,,,,,,,,,4000,,,,,,,,,,,,6.59
+Shocking burst Magic Weapon,,10,none,,,,,,Weapon,,,,,,,,,,,,,,,,,,,,,,,,4000,,,,,,,,,,,,7.18
+Stalking Magic Weapon,,10,none,,,,,,Weapon,,,,,,,,,,,,,,,,,,,,,,,,4000,,,,,,,,,,,,7.18
+Unholy Magic Weapon,,7,none,,,,,,Weapon,,,,,,,,,,,,,,,,,,,,,,,,4000,,,,,,,,,,,,5.42
+Wounding Magic Weapon,,10,none,,,,,,Weapon,,,,,,,,,,,,,,,,,,,,,,,,4000,,,,,,,,,,,,7.18
+Nullifying Magic Weapon,,12,none,,,,,,Weapon,,,,,,,,,,,,,,,,,,,,,,,,9000,,,,,,,,,,,,11.51
+Repositioning Magic Weapon,,10,none,,,,,,Weapon,,,,,,,,,,,,,,,,,,,,,,,,9000,,,,,,,,,,,,10.33
+Speed Magic Weapon,,7,none,,,,,,Weapon,,,,,,,,,,,,,,,,,,,,,,,,9000,,,,,,,,,,,,8.56
+Spell stealing Magic Weapon,,13,none,,,,,,Weapon,,,,,,,,,,,,,,,,,,,,,,,,9000,,,,,,,,,,,,12.09
+Brilliant energy Magic Weapon,,16,none,,,,,,Weapon,,,,,,,,,,,,,,,,,,,,,,,,16000,,,,,,,,,,,,18.26
+Dancing Magic Weapon,,15,none,,,,,,Weapon,,,,,,,,,,,,,,,,,,,,,,,,16000,,,,,,,,,,,,17.68
+Vorpal Magic Weapon,,18,none,,,,,,Weapon,,,,,,,,,,,,,,,,,,,,,,,,25000,,,,,,,,,,,,25.1
+Transformative Magic Weapon,,10,none,,,,,,Weapon,,,,,,,,,,,,,,,,,,,,,,,,10000,,,,,,,,,,,,10.96
+Dueling Magic Weapon,,5,none,,,,,,Weapon,,,,,,,,,,,,,,,,,,,,,,,,14000,,,,,,,,,,,,10.53
+Adaptive Magic Weapon,,1,none,,,,,,Weapon,,,,,,,,,,,,,,,,,,,,,,,,1000,,,,,,,,,,,,0.0
+Conserving Magic Weapon,,7,none,,,,,,Weapon,,,,,,,,,,,,,,,,,,,,,,,,1000,,,,,,,,,,,,3.53
+Distance Magic Weapon,,6,none,,,,,,Weapon,,,,,,,,,,,,,,,,,,,,,,,,1000,,,,,,,,,,,,2.94
+Lucky Magic Weapon,,8,none,,,,,,Weapon,,,,,,,,,,,,,,,,,,,,,,,,1000,,,,,,,,,,,,4.12
+Reliable Magic Weapon,,8,none,,,,,,Weapon,,,,,,,,,,,,,,,,,,,,,,,,1000,,,,,,,,,,,,4.12
+Returning Magic Weapon,,7,none,,,,,,Weapon,,,,,,,,,,,,,,,,,,,,,,,,1000,,,,,,,,,,,,3.53
+Seeking Magic Weapon,,12,none,,,,,,Weapon,,,,,,,,,,,,,,,,,,,,,,,,1000,,,,,,,,,,,,6.47
"+Designating, lesser Magic Weapon",,7,none,,,,,,Weapon,,,,,,,,,,,,,,,,,,,,,,,,4000,,,,,,,,,,,,5.42
+Endless ammunition Magic Weapon,,9,none,,,,,,Weapon,,,,,,,,,,,,,,,,,,,,,,,,4000,,,,,,,,,,,,6.59
"+Lucky, greater Magic Weapon",,12,none,,,,,,Weapon,,,,,,,,,,,,,,,,,,,,,,,,9000,,,,,,,,,,,,11.51
"+Reliable, greater Magic Weapon",,12,none,,,,,,Weapon,,,,,,,,,,,,,,,,,,,,,,,,9000,,,,,,,,,,,,11.51
"+Designating, greater Magic Weapon",,12,none,,,,,,Weapon,,,,,,,,,,,,,,,,,,,,,,,,16000,,,,,,,,,,,,15.91
+Nimble shot Magic Weapon,,11,none,,,,,,Weapon,,,,,,,,,,,,,,,,,,,,,,,,16000,,,,,,,,,,,,15.32
+Second chance Magic Weapon,,11,none,,,,,,Weapon,,,,,,,,,,,,,,,,,,,,,,,,16000,,,,,,,,,,,,15.32
